FromCurrency,ToCurrency,Date,ExchangeRate
BegoniaDollar,BegoniaDollar,2022/10/1,1
BegoniaDollar,BegoniaDollar,2022/10/2,1
BegoniaDollar,BegoniaDollar,2022/10/3,1
BegoniaDollar,BegoniaDollar,2022/10/4,1
BegoniaDollar,BegoniaDollar,2022/10/5,1
BegoniaDollar,BegoniaDollar,2022/10/6,1
BegoniaDollar,BegoniaDollar,2022/10/7,1
BegoniaDollar,BegoniaDollar,2022/10/8,1
BegoniaDollar,BegoniaDollar,2022/10/9,1
BegoniaDollar,BegoniaDollar,2022/10/10,1
BegoniaDollar,BegoniaDollar,2022/10/11,1
BegoniaDollar,BegoniaDollar,2022/10/12,1
BegoniaDollar,BegoniaDollar,2022/10/13,1
BegoniaDollar,BegoniaDollar,2022/10/14,1
BegoniaDollar,BegoniaDollar,2022/10/15,1
BegoniaDollar,BegoniaDollar,2022/10/16,1
BegoniaDollar,BegoniaDollar,2022/10/17,1
BegoniaDollar,BegoniaDollar,2022/10/18,1
BegoniaDollar,BegoniaDollar,2022/10/19,1
BegoniaDollar,BegoniaDollar,2022/10/20,1
BegoniaDollar,BegoniaDollar,2022/10/21,1
BegoniaDollar,BegoniaDollar,2022/10/22,1
BegoniaDollar,BegoniaDollar,2022/10/23,1
BegoniaDollar,BegoniaDollar,2022/10/24,1
BegoniaDollar,BegoniaDollar,2022/10/25,1
BegoniaDollar,BegoniaDollar,2022/10/26,1
BegoniaDollar,BegoniaDollar,2022/10/27,1
BegoniaDollar,BegoniaDollar,2022/10/28,1
BegoniaDollar,BegoniaDollar,2022/10/29,1
BegoniaDollar,BegoniaDollar,2022/10/30,1
BegoniaDollar,BegoniaDollar,2022/10/31,1
BegoniaDollar,BegoniaDollar,2022/11/1,1
BegoniaDollar,BegoniaDollar,2022/11/2,1
BegoniaDollar,BegoniaDollar,2022/11/3,1
BegoniaDollar,BegoniaDollar,2022/11/4,1
BegoniaDollar,BegoniaDollar,2022/11/5,1
BegoniaDollar,BegoniaDollar,2022/11/6,1
BegoniaDollar,BegoniaDollar,2022/11/7,1
BegoniaDollar,BegoniaDollar,2022/11/8,1
BegoniaDollar,BegoniaDollar,2022/11/9,1
BegoniaDollar,BegoniaDollar,2022/11/10,1
BegoniaDollar,BegoniaDollar,2022/11/11,1
BegoniaDollar,BegoniaDollar,2022/11/12,1
BegoniaDollar,BegoniaDollar,2022/11/13,1
BegoniaDollar,BegoniaDollar,2022/11/14,1
BegoniaDollar,BegoniaDollar,2022/11/15,1
BegoniaDollar,BegoniaDollar,2022/11/16,1
BegoniaDollar,BegoniaDollar,2022/11/17,1
BegoniaDollar,BegoniaDollar,2022/11/18,1
BegoniaDollar,BegoniaDollar,2022/11/19,1
BegoniaDollar,BegoniaDollar,2022/11/20,1
BegoniaDollar,BegoniaDollar,2022/11/21,1
BegoniaDollar,BegoniaDollar,2022/11/22,1
BegoniaDollar,BegoniaDollar,2022/11/23,1
BegoniaDollar,BegoniaDollar,2022/11/24,1
BegoniaDollar,BegoniaDollar,2022/11/25,1
BegoniaDollar,BegoniaDollar,2022/11/26,1
BegoniaDollar,BegoniaDollar,2022/11/27,1
BegoniaDollar,BegoniaDollar,2022/11/28,1
BegoniaDollar,BegoniaDollar,2022/11/29,1
BegoniaDollar,BegoniaDollar,2022/11/30,1
BegoniaDollar,CarnationDollar,2022/10/1,5.33
BegoniaDollar,CarnationDollar,2022/10/2,5.23
BegoniaDollar,CarnationDollar,2022/10/3,4.53
BegoniaDollar,CarnationDollar,2022/10/4,5.63
BegoniaDollar,CarnationDollar,2022/10/5,5.03
BegoniaDollar,CarnationDollar,2022/10/6,5.63
BegoniaDollar,CarnationDollar,2022/10/7,5.73
BegoniaDollar,CarnationDollar,2022/10/8,5.83
BegoniaDollar,CarnationDollar,2022/10/9,4.93
BegoniaDollar,CarnationDollar,2022/10/10,4.43
BegoniaDollar,CarnationDollar,2022/10/11,4.93
BegoniaDollar,CarnationDollar,2022/10/12,5.83
BegoniaDollar,CarnationDollar,2022/10/13,5.73
BegoniaDollar,CarnationDollar,2022/10/14,4.93
BegoniaDollar,CarnationDollar,2022/10/15,4.43
BegoniaDollar,CarnationDollar,2022/10/16,5.43
BegoniaDollar,CarnationDollar,2022/10/17,5.33
BegoniaDollar,CarnationDollar,2022/10/18,5.63
BegoniaDollar,CarnationDollar,2022/10/19,4.93
BegoniaDollar,CarnationDollar,2022/10/20,5.43
BegoniaDollar,CarnationDollar,2022/10/21,5.73
BegoniaDollar,CarnationDollar,2022/10/22,4.63
BegoniaDollar,CarnationDollar,2022/10/23,5.73
BegoniaDollar,CarnationDollar,2022/10/24,4.93
BegoniaDollar,CarnationDollar,2022/10/25,4.83
BegoniaDollar,CarnationDollar,2022/10/26,5.03
BegoniaDollar,CarnationDollar,2022/10/27,4.63
BegoniaDollar,CarnationDollar,2022/10/28,5.73
BegoniaDollar,CarnationDollar,2022/10/29,4.73
BegoniaDollar,CarnationDollar,2022/10/30,5.83
BegoniaDollar,CarnationDollar,2022/10/31,4.93
BegoniaDollar,CarnationDollar,2022/11/1,5.13
BegoniaDollar,CarnationDollar,2022/11/2,5.53
BegoniaDollar,CarnationDollar,2022/11/3,5.83
BegoniaDollar,CarnationDollar,2022/11/4,5.33
BegoniaDollar,CarnationDollar,2022/11/5,5.73
BegoniaDollar,CarnationDollar,2022/11/6,5.73
BegoniaDollar,CarnationDollar,2022/11/7,4.73
BegoniaDollar,CarnationDollar,2022/11/8,5.23
BegoniaDollar,CarnationDollar,2022/11/9,5.83
BegoniaDollar,CarnationDollar,2022/11/10,4.73
BegoniaDollar,CarnationDollar,2022/11/11,5.83
BegoniaDollar,CarnationDollar,2022/11/12,5.03
BegoniaDollar,CarnationDollar,2022/11/13,4.53
BegoniaDollar,CarnationDollar,2022/11/14,4.53
BegoniaDollar,CarnationDollar,2022/11/15,5.23
BegoniaDollar,CarnationDollar,2022/11/16,4.73
BegoniaDollar,CarnationDollar,2022/11/17,5.53
BegoniaDollar,CarnationDollar,2022/11/18,4.63
BegoniaDollar,CarnationDollar,2022/11/19,5.53
BegoniaDollar,CarnationDollar,2022/11/20,4.53
BegoniaDollar,CarnationDollar,2022/11/21,5.73
BegoniaDollar,CarnationDollar,2022/11/22,4.43
BegoniaDollar,CarnationDollar,2022/11/23,4.73
BegoniaDollar,CarnationDollar,2022/11/24,5.73
BegoniaDollar,CarnationDollar,2022/11/25,4.43
BegoniaDollar,CarnationDollar,2022/11/26,4.93
BegoniaDollar,CarnationDollar,2022/11/27,5.53
BegoniaDollar,CarnationDollar,2022/11/28,5.53
BegoniaDollar,CarnationDollar,2022/11/29,4.73
BegoniaDollar,CarnationDollar,2022/11/30,4.53
BegoniaDollar,GauraDollar,2022/10/1,0.53
BegoniaDollar,GauraDollar,2022/10/2,1.33
BegoniaDollar,GauraDollar,2022/10/3,0.73
BegoniaDollar,GauraDollar,2022/10/4,0.83
BegoniaDollar,GauraDollar,2022/10/5,0.03
BegoniaDollar,GauraDollar,2022/10/6,0.43
BegoniaDollar,GauraDollar,2022/10/7,0.43
BegoniaDollar,GauraDollar,2022/10/8,1.03
BegoniaDollar,GauraDollar,2022/10/9,1.13
BegoniaDollar,GauraDollar,2022/10/10,0.53
BegoniaDollar,GauraDollar,2022/10/11,1.23
BegoniaDollar,GauraDollar,2022/10/12,0.63
BegoniaDollar,GauraDollar,2022/10/13,0.83
BegoniaDollar,GauraDollar,2022/10/14,0.83
BegoniaDollar,GauraDollar,2022/10/15,0.93
BegoniaDollar,GauraDollar,2022/10/16,0.83
BegoniaDollar,GauraDollar,2022/10/17,1.33
BegoniaDollar,GauraDollar,2022/10/18,0.83
BegoniaDollar,GauraDollar,2022/10/19,1.13
BegoniaDollar,GauraDollar,2022/10/20,0.63
BegoniaDollar,GauraDollar,2022/10/21,0.53
BegoniaDollar,GauraDollar,2022/10/22,0.43
BegoniaDollar,GauraDollar,2022/10/23,0.13
BegoniaDollar,GauraDollar,2022/10/24,0.33
BegoniaDollar,GauraDollar,2022/10/25,0.63
BegoniaDollar,GauraDollar,2022/10/26,1.23
BegoniaDollar,GauraDollar,2022/10/27,1.13
BegoniaDollar,GauraDollar,2022/10/28,0.83
BegoniaDollar,GauraDollar,2022/10/29,1.23
BegoniaDollar,GauraDollar,2022/10/30,0.83
BegoniaDollar,GauraDollar,2022/10/31,0.63
BegoniaDollar,GauraDollar,2022/11/1,0.43
BegoniaDollar,GauraDollar,2022/11/2,0.33
BegoniaDollar,GauraDollar,2022/11/3,0.43
BegoniaDollar,GauraDollar,2022/11/4,0.63
BegoniaDollar,GauraDollar,2022/11/5,0.53
BegoniaDollar,GauraDollar,2022/11/6,0.03
BegoniaDollar,GauraDollar,2022/11/7,0.53
BegoniaDollar,GauraDollar,2022/11/8,0.13
BegoniaDollar,GauraDollar,2022/11/9,1.23
BegoniaDollar,GauraDollar,2022/11/10,1.23
BegoniaDollar,GauraDollar,2022/11/11,1.23
BegoniaDollar,GauraDollar,2022/11/12,1.23
BegoniaDollar,GauraDollar,2022/11/13,1.03
BegoniaDollar,GauraDollar,2022/11/14,0.43
BegoniaDollar,GauraDollar,2022/11/15,0.43
BegoniaDollar,GauraDollar,2022/11/16,0.63
BegoniaDollar,GauraDollar,2022/11/17,1.33
BegoniaDollar,GauraDollar,2022/11/18,0.13
BegoniaDollar,GauraDollar,2022/11/19,1.13
BegoniaDollar,GauraDollar,2022/11/20,0.63
BegoniaDollar,GauraDollar,2022/11/21,1.43
BegoniaDollar,GauraDollar,2022/11/22,0.53
BegoniaDollar,GauraDollar,2022/11/23,0.13
BegoniaDollar,GauraDollar,2022/11/24,0.43
BegoniaDollar,GauraDollar,2022/11/25,1.33
BegoniaDollar,GauraDollar,2022/11/26,0.93
BegoniaDollar,GauraDollar,2022/11/27,1.03
BegoniaDollar,GauraDollar,2022/11/28,0.03
BegoniaDollar,GauraDollar,2022/11/29,0.13
BegoniaDollar,GauraDollar,2022/11/30,1.13
BegoniaDollar,IpomoeaDollar,2022/10/1,0.19
BegoniaDollar,IpomoeaDollar,2022/10/2,1.29
BegoniaDollar,IpomoeaDollar,2022/10/3,0.89
BegoniaDollar,IpomoeaDollar,2022/10/4,0.49
BegoniaDollar,IpomoeaDollar,2022/10/5,0.39
BegoniaDollar,IpomoeaDollar,2022/10/6,0.29
BegoniaDollar,IpomoeaDollar,2022/10/7,0.79
BegoniaDollar,IpomoeaDollar,2022/10/8,0.39
BegoniaDollar,IpomoeaDollar,2022/10/9,0.19
BegoniaDollar,IpomoeaDollar,2022/10/10,1.29
BegoniaDollar,IpomoeaDollar,2022/10/11,1.39
BegoniaDollar,IpomoeaDollar,2022/10/12,0.59
BegoniaDollar,IpomoeaDollar,2022/10/13,1.39
BegoniaDollar,IpomoeaDollar,2022/10/14,0.89
BegoniaDollar,IpomoeaDollar,2022/10/15,0.09
BegoniaDollar,IpomoeaDollar,2022/10/16,0.99
BegoniaDollar,IpomoeaDollar,2022/10/17,0.49
BegoniaDollar,IpomoeaDollar,2022/10/18,1.09
BegoniaDollar,IpomoeaDollar,2022/10/19,0.89
BegoniaDollar,IpomoeaDollar,2022/10/20,0.99
BegoniaDollar,IpomoeaDollar,2022/10/21,0.49
BegoniaDollar,IpomoeaDollar,2022/10/22,0.09
BegoniaDollar,IpomoeaDollar,2022/10/23,0.79
BegoniaDollar,IpomoeaDollar,2022/10/24,0.39
BegoniaDollar,IpomoeaDollar,2022/10/25,1.19
BegoniaDollar,IpomoeaDollar,2022/10/26,0.89
BegoniaDollar,IpomoeaDollar,2022/10/27,0.29
BegoniaDollar,IpomoeaDollar,2022/10/28,0.29
BegoniaDollar,IpomoeaDollar,2022/10/29,0.19
BegoniaDollar,IpomoeaDollar,2022/10/30,0.89
BegoniaDollar,IpomoeaDollar,2022/10/31,0.39
BegoniaDollar,IpomoeaDollar,2022/11/1,1.19
BegoniaDollar,IpomoeaDollar,2022/11/2,0.59
BegoniaDollar,IpomoeaDollar,2022/11/3,1.39
BegoniaDollar,IpomoeaDollar,2022/11/4,0.49
BegoniaDollar,IpomoeaDollar,2022/11/5,0.29
BegoniaDollar,IpomoeaDollar,2022/11/6,0.19
BegoniaDollar,IpomoeaDollar,2022/11/7,0.29
BegoniaDollar,IpomoeaDollar,2022/11/8,0.69
BegoniaDollar,IpomoeaDollar,2022/11/9,0.49
BegoniaDollar,IpomoeaDollar,2022/11/10,0.19
BegoniaDollar,IpomoeaDollar,2022/11/11,0.99
BegoniaDollar,IpomoeaDollar,2022/11/12,0.19
BegoniaDollar,IpomoeaDollar,2022/11/13,0.39
BegoniaDollar,IpomoeaDollar,2022/11/14,0.89
BegoniaDollar,IpomoeaDollar,2022/11/15,1.29
BegoniaDollar,IpomoeaDollar,2022/11/16,0.39
BegoniaDollar,IpomoeaDollar,2022/11/17,1.19
BegoniaDollar,IpomoeaDollar,2022/11/18,0.19
BegoniaDollar,IpomoeaDollar,2022/11/19,1.09
BegoniaDollar,IpomoeaDollar,2022/11/20,0.79
BegoniaDollar,IpomoeaDollar,2022/11/21,0.49
BegoniaDollar,IpomoeaDollar,2022/11/22,1.19
BegoniaDollar,IpomoeaDollar,2022/11/23,0.69
BegoniaDollar,IpomoeaDollar,2022/11/24,0.49
BegoniaDollar,IpomoeaDollar,2022/11/25,1.29
BegoniaDollar,IpomoeaDollar,2022/11/26,0.59
BegoniaDollar,IpomoeaDollar,2022/11/27,1.39
BegoniaDollar,IpomoeaDollar,2022/11/28,0.39
BegoniaDollar,IpomoeaDollar,2022/11/29,0.19
BegoniaDollar,IpomoeaDollar,2022/11/30,1.19
BegoniaDollar,RoseDollar,2022/10/1,6.32
BegoniaDollar,RoseDollar,2022/10/2,5.82
BegoniaDollar,RoseDollar,2022/10/3,5.12
BegoniaDollar,RoseDollar,2022/10/4,6.32
BegoniaDollar,RoseDollar,2022/10/5,5.62
BegoniaDollar,RoseDollar,2022/10/6,5.62
BegoniaDollar,RoseDollar,2022/10/7,6.02
BegoniaDollar,RoseDollar,2022/10/8,6.02
BegoniaDollar,RoseDollar,2022/10/9,6.22
BegoniaDollar,RoseDollar,2022/10/10,5.62
BegoniaDollar,RoseDollar,2022/10/11,5.82
BegoniaDollar,RoseDollar,2022/10/12,5.32
BegoniaDollar,RoseDollar,2022/10/13,6.12
BegoniaDollar,RoseDollar,2022/10/14,5.92
BegoniaDollar,RoseDollar,2022/10/15,5.72
BegoniaDollar,RoseDollar,2022/10/16,5.22
BegoniaDollar,RoseDollar,2022/10/17,5.42
BegoniaDollar,RoseDollar,2022/10/18,6.12
BegoniaDollar,RoseDollar,2022/10/19,5.32
BegoniaDollar,RoseDollar,2022/10/20,5.12
BegoniaDollar,RoseDollar,2022/10/21,5.52
BegoniaDollar,RoseDollar,2022/10/22,6.22
BegoniaDollar,RoseDollar,2022/10/23,5.02
BegoniaDollar,RoseDollar,2022/10/24,6.12
BegoniaDollar,RoseDollar,2022/10/25,6.02
BegoniaDollar,RoseDollar,2022/10/26,6.22
BegoniaDollar,RoseDollar,2022/10/27,5.12
BegoniaDollar,RoseDollar,2022/10/28,5.12
BegoniaDollar,RoseDollar,2022/10/29,6.22
BegoniaDollar,RoseDollar,2022/10/30,5.52
BegoniaDollar,RoseDollar,2022/10/31,6.12
BegoniaDollar,RoseDollar,2022/11/1,5.22
BegoniaDollar,RoseDollar,2022/11/2,5.22
BegoniaDollar,RoseDollar,2022/11/3,6.42
BegoniaDollar,RoseDollar,2022/11/4,5.72
BegoniaDollar,RoseDollar,2022/11/5,5.52
BegoniaDollar,RoseDollar,2022/11/6,5.72
BegoniaDollar,RoseDollar,2022/11/7,5.82
BegoniaDollar,RoseDollar,2022/11/8,5.42
BegoniaDollar,RoseDollar,2022/11/9,6.42
BegoniaDollar,RoseDollar,2022/11/10,6.12
BegoniaDollar,RoseDollar,2022/11/11,5.02
BegoniaDollar,RoseDollar,2022/11/12,5.12
BegoniaDollar,RoseDollar,2022/11/13,6.02
BegoniaDollar,RoseDollar,2022/11/14,5.72
BegoniaDollar,RoseDollar,2022/11/15,5.82
BegoniaDollar,RoseDollar,2022/11/16,5.92
BegoniaDollar,RoseDollar,2022/11/17,5.72
BegoniaDollar,RoseDollar,2022/11/18,5.12
BegoniaDollar,RoseDollar,2022/11/19,5.92
BegoniaDollar,RoseDollar,2022/11/20,5.02
BegoniaDollar,RoseDollar,2022/11/21,6.42
BegoniaDollar,RoseDollar,2022/11/22,6.02
BegoniaDollar,RoseDollar,2022/11/23,6.42
BegoniaDollar,RoseDollar,2022/11/24,6.22
BegoniaDollar,RoseDollar,2022/11/25,6.02
BegoniaDollar,RoseDollar,2022/11/26,5.62
BegoniaDollar,RoseDollar,2022/11/27,6.02
BegoniaDollar,RoseDollar,2022/11/28,6.02
BegoniaDollar,RoseDollar,2022/11/29,5.52
BegoniaDollar,RoseDollar,2022/11/30,5.62
BegoniaDollar,TulipDollar,2022/10/1,22.67
BegoniaDollar,TulipDollar,2022/10/2,22.37
BegoniaDollar,TulipDollar,2022/10/3,22.07
BegoniaDollar,TulipDollar,2022/10/4,23.17
BegoniaDollar,TulipDollar,2022/10/5,23.07
BegoniaDollar,TulipDollar,2022/10/6,22.87
BegoniaDollar,TulipDollar,2022/10/7,22.27
BegoniaDollar,TulipDollar,2022/10/8,21.97
BegoniaDollar,TulipDollar,2022/10/9,22.97
BegoniaDollar,TulipDollar,2022/10/10,22.67
BegoniaDollar,TulipDollar,2022/10/11,22.27
BegoniaDollar,TulipDollar,2022/10/12,22.77
BegoniaDollar,TulipDollar,2022/10/13,23.17
BegoniaDollar,TulipDollar,2022/10/14,22.57
BegoniaDollar,TulipDollar,2022/10/15,23.27
BegoniaDollar,TulipDollar,2022/10/16,22.87
BegoniaDollar,TulipDollar,2022/10/17,22.67
BegoniaDollar,TulipDollar,2022/10/18,22.17
BegoniaDollar,TulipDollar,2022/10/19,22.47
BegoniaDollar,TulipDollar,2022/10/20,22.47
BegoniaDollar,TulipDollar,2022/10/21,22.67
BegoniaDollar,TulipDollar,2022/10/22,22.17
BegoniaDollar,TulipDollar,2022/10/23,22.67
BegoniaDollar,TulipDollar,2022/10/24,21.97
BegoniaDollar,TulipDollar,2022/10/25,22.87
BegoniaDollar,TulipDollar,2022/10/26,22.87
BegoniaDollar,TulipDollar,2022/10/27,22.77
BegoniaDollar,TulipDollar,2022/10/28,23.37
BegoniaDollar,TulipDollar,2022/10/29,23.37
BegoniaDollar,TulipDollar,2022/10/30,22.47
BegoniaDollar,TulipDollar,2022/10/31,22.97
BegoniaDollar,TulipDollar,2022/11/1,23.07
BegoniaDollar,TulipDollar,2022/11/2,22.37
BegoniaDollar,TulipDollar,2022/11/3,22.17
BegoniaDollar,TulipDollar,2022/11/4,22.47
BegoniaDollar,TulipDollar,2022/11/5,22.57
BegoniaDollar,TulipDollar,2022/11/6,23.07
BegoniaDollar,TulipDollar,2022/11/7,22.27
BegoniaDollar,TulipDollar,2022/11/8,22.97
BegoniaDollar,TulipDollar,2022/11/9,22.27
BegoniaDollar,TulipDollar,2022/11/10,23.17
BegoniaDollar,TulipDollar,2022/11/11,22.57
BegoniaDollar,TulipDollar,2022/11/12,23.27
BegoniaDollar,TulipDollar,2022/11/13,22.37
BegoniaDollar,TulipDollar,2022/11/14,23.37
BegoniaDollar,TulipDollar,2022/11/15,22.27
BegoniaDollar,TulipDollar,2022/11/16,22.17
BegoniaDollar,TulipDollar,2022/11/17,22.57
BegoniaDollar,TulipDollar,2022/11/18,23.37
BegoniaDollar,TulipDollar,2022/11/19,23.07
BegoniaDollar,TulipDollar,2022/11/20,22.07
BegoniaDollar,TulipDollar,2022/11/21,22.67
BegoniaDollar,TulipDollar,2022/11/22,21.97
BegoniaDollar,TulipDollar,2022/11/23,22.77
BegoniaDollar,TulipDollar,2022/11/24,22.07
BegoniaDollar,TulipDollar,2022/11/25,22.17
BegoniaDollar,TulipDollar,2022/11/26,22.57
BegoniaDollar,TulipDollar,2022/11/27,22.07
BegoniaDollar,TulipDollar,2022/11/28,22.47
BegoniaDollar,TulipDollar,2022/11/29,22.87
BegoniaDollar,TulipDollar,2022/11/30,22.57
CarnationDollar,CarnationDollar,2022/10/1,1
CarnationDollar,CarnationDollar,2022/10/2,1
CarnationDollar,CarnationDollar,2022/10/3,1
CarnationDollar,CarnationDollar,2022/10/4,1
CarnationDollar,CarnationDollar,2022/10/5,1
CarnationDollar,CarnationDollar,2022/10/6,1
CarnationDollar,CarnationDollar,2022/10/7,1
CarnationDollar,CarnationDollar,2022/10/8,1
CarnationDollar,CarnationDollar,2022/10/9,1
CarnationDollar,CarnationDollar,2022/10/10,1
CarnationDollar,CarnationDollar,2022/10/11,1
CarnationDollar,CarnationDollar,2022/10/12,1
CarnationDollar,CarnationDollar,2022/10/13,1
CarnationDollar,CarnationDollar,2022/10/14,1
CarnationDollar,CarnationDollar,2022/10/15,1
CarnationDollar,CarnationDollar,2022/10/16,1
CarnationDollar,CarnationDollar,2022/10/17,1
CarnationDollar,CarnationDollar,2022/10/18,1
CarnationDollar,CarnationDollar,2022/10/19,1
CarnationDollar,CarnationDollar,2022/10/20,1
CarnationDollar,CarnationDollar,2022/10/21,1
CarnationDollar,CarnationDollar,2022/10/22,1
CarnationDollar,CarnationDollar,2022/10/23,1
CarnationDollar,CarnationDollar,2022/10/24,1
CarnationDollar,CarnationDollar,2022/10/25,1
CarnationDollar,CarnationDollar,2022/10/26,1
CarnationDollar,CarnationDollar,2022/10/27,1
CarnationDollar,CarnationDollar,2022/10/28,1
CarnationDollar,CarnationDollar,2022/10/29,1
CarnationDollar,CarnationDollar,2022/10/30,1
CarnationDollar,CarnationDollar,2022/10/31,1
CarnationDollar,CarnationDollar,2022/11/1,1
CarnationDollar,CarnationDollar,2022/11/2,1
CarnationDollar,CarnationDollar,2022/11/3,1
CarnationDollar,CarnationDollar,2022/11/4,1
CarnationDollar,CarnationDollar,2022/11/5,1
CarnationDollar,CarnationDollar,2022/11/6,1
CarnationDollar,CarnationDollar,2022/11/7,1
CarnationDollar,CarnationDollar,2022/11/8,1
CarnationDollar,CarnationDollar,2022/11/9,1
CarnationDollar,CarnationDollar,2022/11/10,1
CarnationDollar,CarnationDollar,2022/11/11,1
CarnationDollar,CarnationDollar,2022/11/12,1
CarnationDollar,CarnationDollar,2022/11/13,1
CarnationDollar,CarnationDollar,2022/11/14,1
CarnationDollar,CarnationDollar,2022/11/15,1
CarnationDollar,CarnationDollar,2022/11/16,1
CarnationDollar,CarnationDollar,2022/11/17,1
CarnationDollar,CarnationDollar,2022/11/18,1
CarnationDollar,CarnationDollar,2022/11/19,1
CarnationDollar,CarnationDollar,2022/11/20,1
CarnationDollar,CarnationDollar,2022/11/21,1
CarnationDollar,CarnationDollar,2022/11/22,1
CarnationDollar,CarnationDollar,2022/11/23,1
CarnationDollar,CarnationDollar,2022/11/24,1
CarnationDollar,CarnationDollar,2022/11/25,1
CarnationDollar,CarnationDollar,2022/11/26,1
CarnationDollar,CarnationDollar,2022/11/27,1
CarnationDollar,CarnationDollar,2022/11/28,1
CarnationDollar,CarnationDollar,2022/11/29,1
CarnationDollar,CarnationDollar,2022/11/30,1
CarnationDollar,BegoniaDollar,2022/10/1,0.12
CarnationDollar,BegoniaDollar,2022/10/2,0.17
CarnationDollar,BegoniaDollar,2022/10/3,0.12
CarnationDollar,BegoniaDollar,2022/10/4,0.26
CarnationDollar,BegoniaDollar,2022/10/5,0.12
CarnationDollar,BegoniaDollar,2022/10/6,0.19
CarnationDollar,BegoniaDollar,2022/10/7,0.22
CarnationDollar,BegoniaDollar,2022/10/8,0.18
CarnationDollar,BegoniaDollar,2022/10/9,0.17
CarnationDollar,BegoniaDollar,2022/10/10,0.24
CarnationDollar,BegoniaDollar,2022/10/11,0.18
CarnationDollar,BegoniaDollar,2022/10/12,0.19
CarnationDollar,BegoniaDollar,2022/10/13,0.25
CarnationDollar,BegoniaDollar,2022/10/14,0.14
CarnationDollar,BegoniaDollar,2022/10/15,0.18
CarnationDollar,BegoniaDollar,2022/10/16,0.26
CarnationDollar,BegoniaDollar,2022/10/17,0.25
CarnationDollar,BegoniaDollar,2022/10/18,0.22
CarnationDollar,BegoniaDollar,2022/10/19,0.14
CarnationDollar,BegoniaDollar,2022/10/20,0.12
CarnationDollar,BegoniaDollar,2022/10/21,0.23
CarnationDollar,BegoniaDollar,2022/10/22,0.15
CarnationDollar,BegoniaDollar,2022/10/23,0.21
CarnationDollar,BegoniaDollar,2022/10/24,0.23
CarnationDollar,BegoniaDollar,2022/10/25,0.22
CarnationDollar,BegoniaDollar,2022/10/26,0.26
CarnationDollar,BegoniaDollar,2022/10/27,0.26
CarnationDollar,BegoniaDollar,2022/10/28,0.2
CarnationDollar,BegoniaDollar,2022/10/29,0.12
CarnationDollar,BegoniaDollar,2022/10/30,0.15
CarnationDollar,BegoniaDollar,2022/10/31,0.16
CarnationDollar,BegoniaDollar,2022/11/1,0.2
CarnationDollar,BegoniaDollar,2022/11/2,0.26
CarnationDollar,BegoniaDollar,2022/11/3,0.25
CarnationDollar,BegoniaDollar,2022/11/4,0.17
CarnationDollar,BegoniaDollar,2022/11/5,0.22
CarnationDollar,BegoniaDollar,2022/11/6,0.21
CarnationDollar,BegoniaDollar,2022/11/7,0.12
CarnationDollar,BegoniaDollar,2022/11/8,0.23
CarnationDollar,BegoniaDollar,2022/11/9,0.24
CarnationDollar,BegoniaDollar,2022/11/10,0.18
CarnationDollar,BegoniaDollar,2022/11/11,0.17
CarnationDollar,BegoniaDollar,2022/11/12,0.16
CarnationDollar,BegoniaDollar,2022/11/13,0.2
CarnationDollar,BegoniaDollar,2022/11/14,0.24
CarnationDollar,BegoniaDollar,2022/11/15,0.22
CarnationDollar,BegoniaDollar,2022/11/16,0.25
CarnationDollar,BegoniaDollar,2022/11/17,0.24
CarnationDollar,BegoniaDollar,2022/11/18,0.17
CarnationDollar,BegoniaDollar,2022/11/19,0.23
CarnationDollar,BegoniaDollar,2022/11/20,0.2
CarnationDollar,BegoniaDollar,2022/11/21,0.15
CarnationDollar,BegoniaDollar,2022/11/22,0.2
CarnationDollar,BegoniaDollar,2022/11/23,0.19
CarnationDollar,BegoniaDollar,2022/11/24,0.24
CarnationDollar,BegoniaDollar,2022/11/25,0.21
CarnationDollar,BegoniaDollar,2022/11/26,0.26
CarnationDollar,BegoniaDollar,2022/11/27,0.24
CarnationDollar,BegoniaDollar,2022/11/28,0.15
CarnationDollar,BegoniaDollar,2022/11/29,0.19
CarnationDollar,BegoniaDollar,2022/11/30,0.23
CarnationDollar,GauraDollar,2022/10/1,0.15
CarnationDollar,GauraDollar,2022/10/2,0.08
CarnationDollar,GauraDollar,2022/10/3,0.17
CarnationDollar,GauraDollar,2022/10/4,0.08
CarnationDollar,GauraDollar,2022/10/5,0.12
CarnationDollar,GauraDollar,2022/10/6,0.08
CarnationDollar,GauraDollar,2022/10/7,0.2
CarnationDollar,GauraDollar,2022/10/8,0.2
CarnationDollar,GauraDollar,2022/10/9,0.08
CarnationDollar,GauraDollar,2022/10/10,0.14
CarnationDollar,GauraDollar,2022/10/11,0.08
CarnationDollar,GauraDollar,2022/10/12,0.17
CarnationDollar,GauraDollar,2022/10/13,0.2
CarnationDollar,GauraDollar,2022/10/14,0.1
CarnationDollar,GauraDollar,2022/10/15,0.18
CarnationDollar,GauraDollar,2022/10/16,0.09
CarnationDollar,GauraDollar,2022/10/17,0.15
CarnationDollar,GauraDollar,2022/10/18,0.09
CarnationDollar,GauraDollar,2022/10/19,0.21
CarnationDollar,GauraDollar,2022/10/20,0.14
CarnationDollar,GauraDollar,2022/10/21,0.07
CarnationDollar,GauraDollar,2022/10/22,0.14
CarnationDollar,GauraDollar,2022/10/23,0.1
CarnationDollar,GauraDollar,2022/10/24,0.07
CarnationDollar,GauraDollar,2022/10/25,0.07
CarnationDollar,GauraDollar,2022/10/26,0.14
CarnationDollar,GauraDollar,2022/10/27,0.12
CarnationDollar,GauraDollar,2022/10/28,0.12
CarnationDollar,GauraDollar,2022/10/29,0.12
CarnationDollar,GauraDollar,2022/10/30,0.12
CarnationDollar,GauraDollar,2022/10/31,0.19
CarnationDollar,GauraDollar,2022/11/1,0.18
CarnationDollar,GauraDollar,2022/11/2,0.13
CarnationDollar,GauraDollar,2022/11/3,0.11
CarnationDollar,GauraDollar,2022/11/4,0.19
CarnationDollar,GauraDollar,2022/11/5,0.1
CarnationDollar,GauraDollar,2022/11/6,0.1
CarnationDollar,GauraDollar,2022/11/7,0.16
CarnationDollar,GauraDollar,2022/11/8,0.07
CarnationDollar,GauraDollar,2022/11/9,0.16
CarnationDollar,GauraDollar,2022/11/10,0.18
CarnationDollar,GauraDollar,2022/11/11,0.21
CarnationDollar,GauraDollar,2022/11/12,0.07
CarnationDollar,GauraDollar,2022/11/13,0.12
CarnationDollar,GauraDollar,2022/11/14,0.18
CarnationDollar,GauraDollar,2022/11/15,0.2
CarnationDollar,GauraDollar,2022/11/16,0.18
CarnationDollar,GauraDollar,2022/11/17,0.21
CarnationDollar,GauraDollar,2022/11/18,0.12
CarnationDollar,GauraDollar,2022/11/19,0.08
CarnationDollar,GauraDollar,2022/11/20,0.14
CarnationDollar,GauraDollar,2022/11/21,0.16
CarnationDollar,GauraDollar,2022/11/22,0.1
CarnationDollar,GauraDollar,2022/11/23,0.17
CarnationDollar,GauraDollar,2022/11/24,0.2
CarnationDollar,GauraDollar,2022/11/25,0.15
CarnationDollar,GauraDollar,2022/11/26,0.16
CarnationDollar,GauraDollar,2022/11/27,0.18
CarnationDollar,GauraDollar,2022/11/28,0.08
CarnationDollar,GauraDollar,2022/11/29,0.08
CarnationDollar,GauraDollar,2022/11/30,0.13
CarnationDollar,IpomoeaDollar,2022/10/1,0.16
CarnationDollar,IpomoeaDollar,2022/10/2,0.18
CarnationDollar,IpomoeaDollar,2022/10/3,0.18
CarnationDollar,IpomoeaDollar,2022/10/4,0.11
CarnationDollar,IpomoeaDollar,2022/10/5,0.16
CarnationDollar,IpomoeaDollar,2022/10/6,0.2
CarnationDollar,IpomoeaDollar,2022/10/7,0.14
CarnationDollar,IpomoeaDollar,2022/10/8,0.07
CarnationDollar,IpomoeaDollar,2022/10/9,0.14
CarnationDollar,IpomoeaDollar,2022/10/10,0.11
CarnationDollar,IpomoeaDollar,2022/10/11,0.13
CarnationDollar,IpomoeaDollar,2022/10/12,0.1
CarnationDollar,IpomoeaDollar,2022/10/13,0.08
CarnationDollar,IpomoeaDollar,2022/10/14,0.11
CarnationDollar,IpomoeaDollar,2022/10/15,0.13
CarnationDollar,IpomoeaDollar,2022/10/16,0.1
CarnationDollar,IpomoeaDollar,2022/10/17,0.2
CarnationDollar,IpomoeaDollar,2022/10/18,0.18
CarnationDollar,IpomoeaDollar,2022/10/19,0.13
CarnationDollar,IpomoeaDollar,2022/10/20,0.11
CarnationDollar,IpomoeaDollar,2022/10/21,0.07
CarnationDollar,IpomoeaDollar,2022/10/22,0.19
CarnationDollar,IpomoeaDollar,2022/10/23,0.18
CarnationDollar,IpomoeaDollar,2022/10/24,0.07
CarnationDollar,IpomoeaDollar,2022/10/25,0.1
CarnationDollar,IpomoeaDollar,2022/10/26,0.14
CarnationDollar,IpomoeaDollar,2022/10/27,0.08
CarnationDollar,IpomoeaDollar,2022/10/28,0.18
CarnationDollar,IpomoeaDollar,2022/10/29,0.18
CarnationDollar,IpomoeaDollar,2022/10/30,0.15
CarnationDollar,IpomoeaDollar,2022/10/31,0.07
CarnationDollar,IpomoeaDollar,2022/11/1,0.1
CarnationDollar,IpomoeaDollar,2022/11/2,0.06
CarnationDollar,IpomoeaDollar,2022/11/3,0.13
CarnationDollar,IpomoeaDollar,2022/11/4,0.12
CarnationDollar,IpomoeaDollar,2022/11/5,0.12
CarnationDollar,IpomoeaDollar,2022/11/6,0.15
CarnationDollar,IpomoeaDollar,2022/11/7,0.2
CarnationDollar,IpomoeaDollar,2022/11/8,0.15
CarnationDollar,IpomoeaDollar,2022/11/9,0.17
CarnationDollar,IpomoeaDollar,2022/11/10,0.07
CarnationDollar,IpomoeaDollar,2022/11/11,0.16
CarnationDollar,IpomoeaDollar,2022/11/12,0.18
CarnationDollar,IpomoeaDollar,2022/11/13,0.06
CarnationDollar,IpomoeaDollar,2022/11/14,0.2
CarnationDollar,IpomoeaDollar,2022/11/15,0.16
CarnationDollar,IpomoeaDollar,2022/11/16,0.12
CarnationDollar,IpomoeaDollar,2022/11/17,0.17
CarnationDollar,IpomoeaDollar,2022/11/18,0.2
CarnationDollar,IpomoeaDollar,2022/11/19,0.19
CarnationDollar,IpomoeaDollar,2022/11/20,0.2
CarnationDollar,IpomoeaDollar,2022/11/21,0.18
CarnationDollar,IpomoeaDollar,2022/11/22,0.16
CarnationDollar,IpomoeaDollar,2022/11/23,0.19
CarnationDollar,IpomoeaDollar,2022/11/24,0.1
CarnationDollar,IpomoeaDollar,2022/11/25,0.2
CarnationDollar,IpomoeaDollar,2022/11/26,0.15
CarnationDollar,IpomoeaDollar,2022/11/27,0.14
CarnationDollar,IpomoeaDollar,2022/11/28,0.13
CarnationDollar,IpomoeaDollar,2022/11/29,0.09
CarnationDollar,IpomoeaDollar,2022/11/30,0.07
CarnationDollar,RoseDollar,2022/10/1,1.09
CarnationDollar,RoseDollar,2022/10/2,1.07
CarnationDollar,RoseDollar,2022/10/3,1.15
CarnationDollar,RoseDollar,2022/10/4,1.13
CarnationDollar,RoseDollar,2022/10/5,1.12
CarnationDollar,RoseDollar,2022/10/6,1.19
CarnationDollar,RoseDollar,2022/10/7,1.09
CarnationDollar,RoseDollar,2022/10/8,1.15
CarnationDollar,RoseDollar,2022/10/9,1.16
CarnationDollar,RoseDollar,2022/10/10,1.05
CarnationDollar,RoseDollar,2022/10/11,1.12
CarnationDollar,RoseDollar,2022/10/12,1.13
CarnationDollar,RoseDollar,2022/10/13,1.06
CarnationDollar,RoseDollar,2022/10/14,1.14
CarnationDollar,RoseDollar,2022/10/15,1.14
CarnationDollar,RoseDollar,2022/10/16,1.11
CarnationDollar,RoseDollar,2022/10/17,1.05
CarnationDollar,RoseDollar,2022/10/18,1.16
CarnationDollar,RoseDollar,2022/10/19,1.06
CarnationDollar,RoseDollar,2022/10/20,1.12
CarnationDollar,RoseDollar,2022/10/21,1.18
CarnationDollar,RoseDollar,2022/10/22,1.12
CarnationDollar,RoseDollar,2022/10/23,1.12
CarnationDollar,RoseDollar,2022/10/24,1.07
CarnationDollar,RoseDollar,2022/10/25,1.08
CarnationDollar,RoseDollar,2022/10/26,1.08
CarnationDollar,RoseDollar,2022/10/27,1.07
CarnationDollar,RoseDollar,2022/10/28,1.18
CarnationDollar,RoseDollar,2022/10/29,1.05
CarnationDollar,RoseDollar,2022/10/30,1.12
CarnationDollar,RoseDollar,2022/10/31,1.1
CarnationDollar,RoseDollar,2022/11/1,1.19
CarnationDollar,RoseDollar,2022/11/2,1.15
CarnationDollar,RoseDollar,2022/11/3,1.07
CarnationDollar,RoseDollar,2022/11/4,1.14
CarnationDollar,RoseDollar,2022/11/5,1.14
CarnationDollar,RoseDollar,2022/11/6,1.19
CarnationDollar,RoseDollar,2022/11/7,1.08
CarnationDollar,RoseDollar,2022/11/8,1.09
CarnationDollar,RoseDollar,2022/11/9,1.07
CarnationDollar,RoseDollar,2022/11/10,1.19
CarnationDollar,RoseDollar,2022/11/11,1.17
CarnationDollar,RoseDollar,2022/11/12,1.07
CarnationDollar,RoseDollar,2022/11/13,1.18
CarnationDollar,RoseDollar,2022/11/14,1.14
CarnationDollar,RoseDollar,2022/11/15,1.15
CarnationDollar,RoseDollar,2022/11/16,1.08
CarnationDollar,RoseDollar,2022/11/17,1.08
CarnationDollar,RoseDollar,2022/11/18,1.18
CarnationDollar,RoseDollar,2022/11/19,1.17
CarnationDollar,RoseDollar,2022/11/20,1.11
CarnationDollar,RoseDollar,2022/11/21,1.09
CarnationDollar,RoseDollar,2022/11/22,1.06
CarnationDollar,RoseDollar,2022/11/23,1.19
CarnationDollar,RoseDollar,2022/11/24,1.11
CarnationDollar,RoseDollar,2022/11/25,1.09
CarnationDollar,RoseDollar,2022/11/26,1.16
CarnationDollar,RoseDollar,2022/11/27,1.12
CarnationDollar,RoseDollar,2022/11/28,1.09
CarnationDollar,RoseDollar,2022/11/29,1.09
CarnationDollar,RoseDollar,2022/11/30,1.19
CarnationDollar,TulipDollar,2022/10/1,4.4
CarnationDollar,TulipDollar,2022/10/2,4.39
CarnationDollar,TulipDollar,2022/10/3,4.4
CarnationDollar,TulipDollar,2022/10/4,4.46
CarnationDollar,TulipDollar,2022/10/5,4.37
CarnationDollar,TulipDollar,2022/10/6,4.42
CarnationDollar,TulipDollar,2022/10/7,4.39
CarnationDollar,TulipDollar,2022/10/8,4.42
CarnationDollar,TulipDollar,2022/10/9,4.46
CarnationDollar,TulipDollar,2022/10/10,4.38
CarnationDollar,TulipDollar,2022/10/11,4.34
CarnationDollar,TulipDollar,2022/10/12,4.48
CarnationDollar,TulipDollar,2022/10/13,4.42
CarnationDollar,TulipDollar,2022/10/14,4.46
CarnationDollar,TulipDollar,2022/10/15,4.34
CarnationDollar,TulipDollar,2022/10/16,4.4
CarnationDollar,TulipDollar,2022/10/17,4.46
CarnationDollar,TulipDollar,2022/10/18,4.46
CarnationDollar,TulipDollar,2022/10/19,4.46
CarnationDollar,TulipDollar,2022/10/20,4.45
CarnationDollar,TulipDollar,2022/10/21,4.36
CarnationDollar,TulipDollar,2022/10/22,4.36
CarnationDollar,TulipDollar,2022/10/23,4.41
CarnationDollar,TulipDollar,2022/10/24,4.47
CarnationDollar,TulipDollar,2022/10/25,4.46
CarnationDollar,TulipDollar,2022/10/26,4.37
CarnationDollar,TulipDollar,2022/10/27,4.36
CarnationDollar,TulipDollar,2022/10/28,4.39
CarnationDollar,TulipDollar,2022/10/29,4.37
CarnationDollar,TulipDollar,2022/10/30,4.34
CarnationDollar,TulipDollar,2022/10/31,4.39
CarnationDollar,TulipDollar,2022/11/1,4.38
CarnationDollar,TulipDollar,2022/11/2,4.44
CarnationDollar,TulipDollar,2022/11/3,4.46
CarnationDollar,TulipDollar,2022/11/4,4.4
CarnationDollar,TulipDollar,2022/11/5,4.4
CarnationDollar,TulipDollar,2022/11/6,4.35
CarnationDollar,TulipDollar,2022/11/7,4.45
CarnationDollar,TulipDollar,2022/11/8,4.47
CarnationDollar,TulipDollar,2022/11/9,4.35
CarnationDollar,TulipDollar,2022/11/10,4.45
CarnationDollar,TulipDollar,2022/11/11,4.48
CarnationDollar,TulipDollar,2022/11/12,4.41
CarnationDollar,TulipDollar,2022/11/13,4.34
CarnationDollar,TulipDollar,2022/11/14,4.36
CarnationDollar,TulipDollar,2022/11/15,4.35
CarnationDollar,TulipDollar,2022/11/16,4.41
CarnationDollar,TulipDollar,2022/11/17,4.35
CarnationDollar,TulipDollar,2022/11/18,4.39
CarnationDollar,TulipDollar,2022/11/19,4.37
CarnationDollar,TulipDollar,2022/11/20,4.44
CarnationDollar,TulipDollar,2022/11/21,4.4
CarnationDollar,TulipDollar,2022/11/22,4.43
CarnationDollar,TulipDollar,2022/11/23,4.46
CarnationDollar,TulipDollar,2022/11/24,4.43
CarnationDollar,TulipDollar,2022/11/25,4.46
CarnationDollar,TulipDollar,2022/11/26,4.44
CarnationDollar,TulipDollar,2022/11/27,4.37
CarnationDollar,TulipDollar,2022/11/28,4.4
CarnationDollar,TulipDollar,2022/11/29,4.45
CarnationDollar,TulipDollar,2022/11/30,4.37
GauraDollar,GauraDollar,2022/10/1,1
GauraDollar,GauraDollar,2022/10/2,1
GauraDollar,GauraDollar,2022/10/3,1
GauraDollar,GauraDollar,2022/10/4,1
GauraDollar,GauraDollar,2022/10/5,1
GauraDollar,GauraDollar,2022/10/6,1
GauraDollar,GauraDollar,2022/10/7,1
GauraDollar,GauraDollar,2022/10/8,1
GauraDollar,GauraDollar,2022/10/9,1
GauraDollar,GauraDollar,2022/10/10,1
GauraDollar,GauraDollar,2022/10/11,1
GauraDollar,GauraDollar,2022/10/12,1
GauraDollar,GauraDollar,2022/10/13,1
GauraDollar,GauraDollar,2022/10/14,1
GauraDollar,GauraDollar,2022/10/15,1
GauraDollar,GauraDollar,2022/10/16,1
GauraDollar,GauraDollar,2022/10/17,1
GauraDollar,GauraDollar,2022/10/18,1
GauraDollar,GauraDollar,2022/10/19,1
GauraDollar,GauraDollar,2022/10/20,1
GauraDollar,GauraDollar,2022/10/21,1
GauraDollar,GauraDollar,2022/10/22,1
GauraDollar,GauraDollar,2022/10/23,1
GauraDollar,GauraDollar,2022/10/24,1
GauraDollar,GauraDollar,2022/10/25,1
GauraDollar,GauraDollar,2022/10/26,1
GauraDollar,GauraDollar,2022/10/27,1
GauraDollar,GauraDollar,2022/10/28,1
GauraDollar,GauraDollar,2022/10/29,1
GauraDollar,GauraDollar,2022/10/30,1
GauraDollar,GauraDollar,2022/10/31,1
GauraDollar,GauraDollar,2022/11/1,1
GauraDollar,GauraDollar,2022/11/2,1
GauraDollar,GauraDollar,2022/11/3,1
GauraDollar,GauraDollar,2022/11/4,1
GauraDollar,GauraDollar,2022/11/5,1
GauraDollar,GauraDollar,2022/11/6,1
GauraDollar,GauraDollar,2022/11/7,1
GauraDollar,GauraDollar,2022/11/8,1
GauraDollar,GauraDollar,2022/11/9,1
GauraDollar,GauraDollar,2022/11/10,1
GauraDollar,GauraDollar,2022/11/11,1
GauraDollar,GauraDollar,2022/11/12,1
GauraDollar,GauraDollar,2022/11/13,1
GauraDollar,GauraDollar,2022/11/14,1
GauraDollar,GauraDollar,2022/11/15,1
GauraDollar,GauraDollar,2022/11/16,1
GauraDollar,GauraDollar,2022/11/17,1
GauraDollar,GauraDollar,2022/11/18,1
GauraDollar,GauraDollar,2022/11/19,1
GauraDollar,GauraDollar,2022/11/20,1
GauraDollar,GauraDollar,2022/11/21,1
GauraDollar,GauraDollar,2022/11/22,1
GauraDollar,GauraDollar,2022/11/23,1
GauraDollar,GauraDollar,2022/11/24,1
GauraDollar,GauraDollar,2022/11/25,1
GauraDollar,GauraDollar,2022/11/26,1
GauraDollar,GauraDollar,2022/11/27,1
GauraDollar,GauraDollar,2022/11/28,1
GauraDollar,GauraDollar,2022/11/29,1
GauraDollar,GauraDollar,2022/11/30,1
GauraDollar,BegoniaDollar,2022/10/1,1.29
GauraDollar,BegoniaDollar,2022/10/2,1.38
GauraDollar,BegoniaDollar,2022/10/3,1.34
GauraDollar,BegoniaDollar,2022/10/4,1.41
GauraDollar,BegoniaDollar,2022/10/5,1.41
GauraDollar,BegoniaDollar,2022/10/6,1.38
GauraDollar,BegoniaDollar,2022/10/7,1.39
GauraDollar,BegoniaDollar,2022/10/8,1.37
GauraDollar,BegoniaDollar,2022/10/9,1.3
GauraDollar,BegoniaDollar,2022/10/10,1.36
GauraDollar,BegoniaDollar,2022/10/11,1.31
GauraDollar,BegoniaDollar,2022/10/12,1.32
GauraDollar,BegoniaDollar,2022/10/13,1.3
GauraDollar,BegoniaDollar,2022/10/14,1.3
GauraDollar,BegoniaDollar,2022/10/15,1.35
GauraDollar,BegoniaDollar,2022/10/16,1.41
GauraDollar,BegoniaDollar,2022/10/17,1.38
GauraDollar,BegoniaDollar,2022/10/18,1.4
GauraDollar,BegoniaDollar,2022/10/19,1.34
GauraDollar,BegoniaDollar,2022/10/20,1.31
GauraDollar,BegoniaDollar,2022/10/21,1.43
GauraDollar,BegoniaDollar,2022/10/22,1.43
GauraDollar,BegoniaDollar,2022/10/23,1.33
GauraDollar,BegoniaDollar,2022/10/24,1.33
GauraDollar,BegoniaDollar,2022/10/25,1.42
GauraDollar,BegoniaDollar,2022/10/26,1.42
GauraDollar,BegoniaDollar,2022/10/27,1.41
GauraDollar,BegoniaDollar,2022/10/28,1.31
GauraDollar,BegoniaDollar,2022/10/29,1.34
GauraDollar,BegoniaDollar,2022/10/30,1.39
GauraDollar,BegoniaDollar,2022/10/31,1.38
GauraDollar,BegoniaDollar,2022/11/1,1.34
GauraDollar,BegoniaDollar,2022/11/2,1.35
GauraDollar,BegoniaDollar,2022/11/3,1.36
GauraDollar,BegoniaDollar,2022/11/4,1.39
GauraDollar,BegoniaDollar,2022/11/5,1.31
GauraDollar,BegoniaDollar,2022/11/6,1.29
GauraDollar,BegoniaDollar,2022/11/7,1.37
GauraDollar,BegoniaDollar,2022/11/8,1.41
GauraDollar,BegoniaDollar,2022/11/9,1.29
GauraDollar,BegoniaDollar,2022/11/10,1.4
GauraDollar,BegoniaDollar,2022/11/11,1.31
GauraDollar,BegoniaDollar,2022/11/12,1.36
GauraDollar,BegoniaDollar,2022/11/13,1.4
GauraDollar,BegoniaDollar,2022/11/14,1.39
GauraDollar,BegoniaDollar,2022/11/15,1.42
GauraDollar,BegoniaDollar,2022/11/16,1.32
GauraDollar,BegoniaDollar,2022/11/17,1.29
GauraDollar,BegoniaDollar,2022/11/18,1.42
GauraDollar,BegoniaDollar,2022/11/19,1.3
GauraDollar,BegoniaDollar,2022/11/20,1.41
GauraDollar,BegoniaDollar,2022/11/21,1.42
GauraDollar,BegoniaDollar,2022/11/22,1.38
GauraDollar,BegoniaDollar,2022/11/23,1.42
GauraDollar,BegoniaDollar,2022/11/24,1.37
GauraDollar,BegoniaDollar,2022/11/25,1.3
GauraDollar,BegoniaDollar,2022/11/26,1.35
GauraDollar,BegoniaDollar,2022/11/27,1.37
GauraDollar,BegoniaDollar,2022/11/28,1.32
GauraDollar,BegoniaDollar,2022/11/29,1.33
GauraDollar,BegoniaDollar,2022/11/30,1.39
GauraDollar,CarnationDollar,2022/10/1,6.77
GauraDollar,CarnationDollar,2022/10/2,7.47
GauraDollar,CarnationDollar,2022/10/3,7.27
GauraDollar,CarnationDollar,2022/10/4,7.37
GauraDollar,CarnationDollar,2022/10/5,7.07
GauraDollar,CarnationDollar,2022/10/6,6.67
GauraDollar,CarnationDollar,2022/10/7,7.17
GauraDollar,CarnationDollar,2022/10/8,7.47
GauraDollar,CarnationDollar,2022/10/9,6.27
GauraDollar,CarnationDollar,2022/10/10,7.67
GauraDollar,CarnationDollar,2022/10/11,6.67
GauraDollar,CarnationDollar,2022/10/12,6.77
GauraDollar,CarnationDollar,2022/10/13,7.27
GauraDollar,CarnationDollar,2022/10/14,6.37
GauraDollar,CarnationDollar,2022/10/15,7.27
GauraDollar,CarnationDollar,2022/10/16,6.47
GauraDollar,CarnationDollar,2022/10/17,7.57
GauraDollar,CarnationDollar,2022/10/18,6.37
GauraDollar,CarnationDollar,2022/10/19,7.47
GauraDollar,CarnationDollar,2022/10/20,6.77
GauraDollar,CarnationDollar,2022/10/21,6.87
GauraDollar,CarnationDollar,2022/10/22,7.67
GauraDollar,CarnationDollar,2022/10/23,6.77
GauraDollar,CarnationDollar,2022/10/24,6.97
GauraDollar,CarnationDollar,2022/10/25,6.77
GauraDollar,CarnationDollar,2022/10/26,6.57
GauraDollar,CarnationDollar,2022/10/27,6.67
GauraDollar,CarnationDollar,2022/10/28,7.57
GauraDollar,CarnationDollar,2022/10/29,6.37
GauraDollar,CarnationDollar,2022/10/30,7.37
GauraDollar,CarnationDollar,2022/10/31,7.07
GauraDollar,CarnationDollar,2022/11/1,7.57
GauraDollar,CarnationDollar,2022/11/2,7.47
GauraDollar,CarnationDollar,2022/11/3,6.37
GauraDollar,CarnationDollar,2022/11/4,7.47
GauraDollar,CarnationDollar,2022/11/5,7.67
GauraDollar,CarnationDollar,2022/11/6,6.77
GauraDollar,CarnationDollar,2022/11/7,6.77
GauraDollar,CarnationDollar,2022/11/8,6.77
GauraDollar,CarnationDollar,2022/11/9,6.57
GauraDollar,CarnationDollar,2022/11/10,6.37
GauraDollar,CarnationDollar,2022/11/11,7.17
GauraDollar,CarnationDollar,2022/11/12,7.27
GauraDollar,CarnationDollar,2022/11/13,7.17
GauraDollar,CarnationDollar,2022/11/14,6.77
GauraDollar,CarnationDollar,2022/11/15,6.57
GauraDollar,CarnationDollar,2022/11/16,7.07
GauraDollar,CarnationDollar,2022/11/17,7.27
GauraDollar,CarnationDollar,2022/11/18,7.67
GauraDollar,CarnationDollar,2022/11/19,7.67
GauraDollar,CarnationDollar,2022/11/20,6.47
GauraDollar,CarnationDollar,2022/11/21,7.17
GauraDollar,CarnationDollar,2022/11/22,7.47
GauraDollar,CarnationDollar,2022/11/23,7.57
GauraDollar,CarnationDollar,2022/11/24,6.57
GauraDollar,CarnationDollar,2022/11/25,7.17
GauraDollar,CarnationDollar,2022/11/26,7.17
GauraDollar,CarnationDollar,2022/11/27,7.37
GauraDollar,CarnationDollar,2022/11/28,7.67
GauraDollar,CarnationDollar,2022/11/29,6.47
GauraDollar,CarnationDollar,2022/11/30,6.67
GauraDollar,IpomoeaDollar,2022/10/1,0.94
GauraDollar,IpomoeaDollar,2022/10/2,0.91
GauraDollar,IpomoeaDollar,2022/10/3,1.01
GauraDollar,IpomoeaDollar,2022/10/4,0.95
GauraDollar,IpomoeaDollar,2022/10/5,0.96
GauraDollar,IpomoeaDollar,2022/10/6,0.95
GauraDollar,IpomoeaDollar,2022/10/7,0.99
GauraDollar,IpomoeaDollar,2022/10/8,0.87
GauraDollar,IpomoeaDollar,2022/10/9,0.99
GauraDollar,IpomoeaDollar,2022/10/10,0.97
GauraDollar,IpomoeaDollar,2022/10/11,0.92
GauraDollar,IpomoeaDollar,2022/10/12,0.99
GauraDollar,IpomoeaDollar,2022/10/13,0.92
GauraDollar,IpomoeaDollar,2022/10/14,0.99
GauraDollar,IpomoeaDollar,2022/10/15,0.87
GauraDollar,IpomoeaDollar,2022/10/16,0.89
GauraDollar,IpomoeaDollar,2022/10/17,1.01
GauraDollar,IpomoeaDollar,2022/10/18,0.99
GauraDollar,IpomoeaDollar,2022/10/19,0.94
GauraDollar,IpomoeaDollar,2022/10/20,0.9
GauraDollar,IpomoeaDollar,2022/10/21,0.98
GauraDollar,IpomoeaDollar,2022/10/22,0.98
GauraDollar,IpomoeaDollar,2022/10/23,0.98
GauraDollar,IpomoeaDollar,2022/10/24,0.93
GauraDollar,IpomoeaDollar,2022/10/25,0.97
GauraDollar,IpomoeaDollar,2022/10/26,0.89
GauraDollar,IpomoeaDollar,2022/10/27,0.88
GauraDollar,IpomoeaDollar,2022/10/28,1.01
GauraDollar,IpomoeaDollar,2022/10/29,0.87
GauraDollar,IpomoeaDollar,2022/10/30,0.98
GauraDollar,IpomoeaDollar,2022/10/31,0.91
GauraDollar,IpomoeaDollar,2022/11/1,0.98
GauraDollar,IpomoeaDollar,2022/11/2,0.98
GauraDollar,IpomoeaDollar,2022/11/3,0.96
GauraDollar,IpomoeaDollar,2022/11/4,0.95
GauraDollar,IpomoeaDollar,2022/11/5,0.99
GauraDollar,IpomoeaDollar,2022/11/6,1.01
GauraDollar,IpomoeaDollar,2022/11/7,0.98
GauraDollar,IpomoeaDollar,2022/11/8,0.87
GauraDollar,IpomoeaDollar,2022/11/9,0.99
GauraDollar,IpomoeaDollar,2022/11/10,0.95
GauraDollar,IpomoeaDollar,2022/11/11,0.92
GauraDollar,IpomoeaDollar,2022/11/12,0.9
GauraDollar,IpomoeaDollar,2022/11/13,0.98
GauraDollar,IpomoeaDollar,2022/11/14,1
GauraDollar,IpomoeaDollar,2022/11/15,0.91
GauraDollar,IpomoeaDollar,2022/11/16,0.95
GauraDollar,IpomoeaDollar,2022/11/17,1
GauraDollar,IpomoeaDollar,2022/11/18,0.89
GauraDollar,IpomoeaDollar,2022/11/19,0.89
GauraDollar,IpomoeaDollar,2022/11/20,0.93
GauraDollar,IpomoeaDollar,2022/11/21,0.88
GauraDollar,IpomoeaDollar,2022/11/22,0.87
GauraDollar,IpomoeaDollar,2022/11/23,0.93
GauraDollar,IpomoeaDollar,2022/11/24,0.96
GauraDollar,IpomoeaDollar,2022/11/25,0.96
GauraDollar,IpomoeaDollar,2022/11/26,0.98
GauraDollar,IpomoeaDollar,2022/11/27,0.92
GauraDollar,IpomoeaDollar,2022/11/28,1.01
GauraDollar,IpomoeaDollar,2022/11/29,0.89
GauraDollar,IpomoeaDollar,2022/11/30,0.95
GauraDollar,RoseDollar,2022/10/1,7.78
GauraDollar,RoseDollar,2022/10/2,7.28
GauraDollar,RoseDollar,2022/10/3,7.78
GauraDollar,RoseDollar,2022/10/4,7.68
GauraDollar,RoseDollar,2022/10/5,8.38
GauraDollar,RoseDollar,2022/10/6,7.38
GauraDollar,RoseDollar,2022/10/7,7.88
GauraDollar,RoseDollar,2022/10/8,7.78
GauraDollar,RoseDollar,2022/10/9,8.48
GauraDollar,RoseDollar,2022/10/10,8.18
GauraDollar,RoseDollar,2022/10/11,7.18
GauraDollar,RoseDollar,2022/10/12,7.08
GauraDollar,RoseDollar,2022/10/13,7.68
GauraDollar,RoseDollar,2022/10/14,7.28
GauraDollar,RoseDollar,2022/10/15,7.68
GauraDollar,RoseDollar,2022/10/16,7.48
GauraDollar,RoseDollar,2022/10/17,7.58
GauraDollar,RoseDollar,2022/10/18,8.08
GauraDollar,RoseDollar,2022/10/19,7.08
GauraDollar,RoseDollar,2022/10/20,7.18
GauraDollar,RoseDollar,2022/10/21,7.18
GauraDollar,RoseDollar,2022/10/22,8.28
GauraDollar,RoseDollar,2022/10/23,8.38
GauraDollar,RoseDollar,2022/10/24,7.08
GauraDollar,RoseDollar,2022/10/25,8.18
GauraDollar,RoseDollar,2022/10/26,7.88
GauraDollar,RoseDollar,2022/10/27,7.68
GauraDollar,RoseDollar,2022/10/28,8.28
GauraDollar,RoseDollar,2022/10/29,7.18
GauraDollar,RoseDollar,2022/10/30,7.88
GauraDollar,RoseDollar,2022/10/31,7.68
GauraDollar,RoseDollar,2022/11/1,7.08
GauraDollar,RoseDollar,2022/11/2,7.98
GauraDollar,RoseDollar,2022/11/3,7.38
GauraDollar,RoseDollar,2022/11/4,8.28
GauraDollar,RoseDollar,2022/11/5,7.08
GauraDollar,RoseDollar,2022/11/6,7.28
GauraDollar,RoseDollar,2022/11/7,8.48
GauraDollar,RoseDollar,2022/11/8,8.48
GauraDollar,RoseDollar,2022/11/9,7.48
GauraDollar,RoseDollar,2022/11/10,7.88
GauraDollar,RoseDollar,2022/11/11,8.18
GauraDollar,RoseDollar,2022/11/12,8.08
GauraDollar,RoseDollar,2022/11/13,7.78
GauraDollar,RoseDollar,2022/11/14,8.18
GauraDollar,RoseDollar,2022/11/15,7.48
GauraDollar,RoseDollar,2022/11/16,7.68
GauraDollar,RoseDollar,2022/11/17,7.28
GauraDollar,RoseDollar,2022/11/18,8.48
GauraDollar,RoseDollar,2022/11/19,7.68
GauraDollar,RoseDollar,2022/11/20,7.18
GauraDollar,RoseDollar,2022/11/21,8.48
GauraDollar,RoseDollar,2022/11/22,7.68
GauraDollar,RoseDollar,2022/11/23,7.98
GauraDollar,RoseDollar,2022/11/24,7.48
GauraDollar,RoseDollar,2022/11/25,7.68
GauraDollar,RoseDollar,2022/11/26,7.98
GauraDollar,RoseDollar,2022/11/27,7.18
GauraDollar,RoseDollar,2022/11/28,8.38
GauraDollar,RoseDollar,2022/11/29,7.28
GauraDollar,RoseDollar,2022/11/30,7.48
GauraDollar,TulipDollar,2022/10/1,30.57
GauraDollar,TulipDollar,2022/10/2,30.27
GauraDollar,TulipDollar,2022/10/3,30.87
GauraDollar,TulipDollar,2022/10/4,31.47
GauraDollar,TulipDollar,2022/10/5,31.07
GauraDollar,TulipDollar,2022/10/6,31.27
GauraDollar,TulipDollar,2022/10/7,30.77
GauraDollar,TulipDollar,2022/10/8,30.07
GauraDollar,TulipDollar,2022/10/9,31.47
GauraDollar,TulipDollar,2022/10/10,31.47
GauraDollar,TulipDollar,2022/10/11,30.97
GauraDollar,TulipDollar,2022/10/12,30.27
GauraDollar,TulipDollar,2022/10/13,31.17
GauraDollar,TulipDollar,2022/10/14,30.57
GauraDollar,TulipDollar,2022/10/15,30.17
GauraDollar,TulipDollar,2022/10/16,30.77
GauraDollar,TulipDollar,2022/10/17,31.37
GauraDollar,TulipDollar,2022/10/18,31.17
GauraDollar,TulipDollar,2022/10/19,31.17
GauraDollar,TulipDollar,2022/10/20,30.17
GauraDollar,TulipDollar,2022/10/21,30.27
GauraDollar,TulipDollar,2022/10/22,30.77
GauraDollar,TulipDollar,2022/10/23,31.47
GauraDollar,TulipDollar,2022/10/24,31.17
GauraDollar,TulipDollar,2022/10/25,31.17
GauraDollar,TulipDollar,2022/10/26,31.27
GauraDollar,TulipDollar,2022/10/27,30.57
GauraDollar,TulipDollar,2022/10/28,30.07
GauraDollar,TulipDollar,2022/10/29,30.97
GauraDollar,TulipDollar,2022/10/30,30.17
GauraDollar,TulipDollar,2022/10/31,30.87
GauraDollar,TulipDollar,2022/11/1,31.17
GauraDollar,TulipDollar,2022/11/2,30.67
GauraDollar,TulipDollar,2022/11/3,30.97
GauraDollar,TulipDollar,2022/11/4,30.67
GauraDollar,TulipDollar,2022/11/5,31.47
GauraDollar,TulipDollar,2022/11/6,30.07
GauraDollar,TulipDollar,2022/11/7,30.27
GauraDollar,TulipDollar,2022/11/8,31.27
GauraDollar,TulipDollar,2022/11/9,30.67
GauraDollar,TulipDollar,2022/11/10,30.17
GauraDollar,TulipDollar,2022/11/11,31.07
GauraDollar,TulipDollar,2022/11/12,30.07
GauraDollar,TulipDollar,2022/11/13,30.37
GauraDollar,TulipDollar,2022/11/14,31.47
GauraDollar,TulipDollar,2022/11/15,30.77
GauraDollar,TulipDollar,2022/11/16,30.47
GauraDollar,TulipDollar,2022/11/17,30.17
GauraDollar,TulipDollar,2022/11/18,30.47
GauraDollar,TulipDollar,2022/11/19,31.27
GauraDollar,TulipDollar,2022/11/20,30.07
GauraDollar,TulipDollar,2022/11/21,30.27
GauraDollar,TulipDollar,2022/11/22,30.67
GauraDollar,TulipDollar,2022/11/23,30.57
GauraDollar,TulipDollar,2022/11/24,30.57
GauraDollar,TulipDollar,2022/11/25,30.07
GauraDollar,TulipDollar,2022/11/26,30.27
GauraDollar,TulipDollar,2022/11/27,31.47
GauraDollar,TulipDollar,2022/11/28,30.87
GauraDollar,TulipDollar,2022/11/29,30.47
GauraDollar,TulipDollar,2022/11/30,30.17
IpomoeaDollar,IpomoeaDollar,2022/10/1,1
IpomoeaDollar,IpomoeaDollar,2022/10/2,1
IpomoeaDollar,IpomoeaDollar,2022/10/3,1
IpomoeaDollar,IpomoeaDollar,2022/10/4,1
IpomoeaDollar,IpomoeaDollar,2022/10/5,1
IpomoeaDollar,IpomoeaDollar,2022/10/6,1
IpomoeaDollar,IpomoeaDollar,2022/10/7,1
IpomoeaDollar,IpomoeaDollar,2022/10/8,1
IpomoeaDollar,IpomoeaDollar,2022/10/9,1
IpomoeaDollar,IpomoeaDollar,2022/10/10,1
IpomoeaDollar,IpomoeaDollar,2022/10/11,1
IpomoeaDollar,IpomoeaDollar,2022/10/12,1
IpomoeaDollar,IpomoeaDollar,2022/10/13,1
IpomoeaDollar,IpomoeaDollar,2022/10/14,1
IpomoeaDollar,IpomoeaDollar,2022/10/15,1
IpomoeaDollar,IpomoeaDollar,2022/10/16,1
IpomoeaDollar,IpomoeaDollar,2022/10/17,1
IpomoeaDollar,IpomoeaDollar,2022/10/18,1
IpomoeaDollar,IpomoeaDollar,2022/10/19,1
IpomoeaDollar,IpomoeaDollar,2022/10/20,1
IpomoeaDollar,IpomoeaDollar,2022/10/21,1
IpomoeaDollar,IpomoeaDollar,2022/10/22,1
IpomoeaDollar,IpomoeaDollar,2022/10/23,1
IpomoeaDollar,IpomoeaDollar,2022/10/24,1
IpomoeaDollar,IpomoeaDollar,2022/10/25,1
IpomoeaDollar,IpomoeaDollar,2022/10/26,1
IpomoeaDollar,IpomoeaDollar,2022/10/27,1
IpomoeaDollar,IpomoeaDollar,2022/10/28,1
IpomoeaDollar,IpomoeaDollar,2022/10/29,1
IpomoeaDollar,IpomoeaDollar,2022/10/30,1
IpomoeaDollar,IpomoeaDollar,2022/10/31,1
IpomoeaDollar,IpomoeaDollar,2022/11/1,1
IpomoeaDollar,IpomoeaDollar,2022/11/2,1
IpomoeaDollar,IpomoeaDollar,2022/11/3,1
IpomoeaDollar,IpomoeaDollar,2022/11/4,1
IpomoeaDollar,IpomoeaDollar,2022/11/5,1
IpomoeaDollar,IpomoeaDollar,2022/11/6,1
IpomoeaDollar,IpomoeaDollar,2022/11/7,1
IpomoeaDollar,IpomoeaDollar,2022/11/8,1
IpomoeaDollar,IpomoeaDollar,2022/11/9,1
IpomoeaDollar,IpomoeaDollar,2022/11/10,1
IpomoeaDollar,IpomoeaDollar,2022/11/11,1
IpomoeaDollar,IpomoeaDollar,2022/11/12,1
IpomoeaDollar,IpomoeaDollar,2022/11/13,1
IpomoeaDollar,IpomoeaDollar,2022/11/14,1
IpomoeaDollar,IpomoeaDollar,2022/11/15,1
IpomoeaDollar,IpomoeaDollar,2022/11/16,1
IpomoeaDollar,IpomoeaDollar,2022/11/17,1
IpomoeaDollar,IpomoeaDollar,2022/11/18,1
IpomoeaDollar,IpomoeaDollar,2022/11/19,1
IpomoeaDollar,IpomoeaDollar,2022/11/20,1
IpomoeaDollar,IpomoeaDollar,2022/11/21,1
IpomoeaDollar,IpomoeaDollar,2022/11/22,1
IpomoeaDollar,IpomoeaDollar,2022/11/23,1
IpomoeaDollar,IpomoeaDollar,2022/11/24,1
IpomoeaDollar,IpomoeaDollar,2022/11/25,1
IpomoeaDollar,IpomoeaDollar,2022/11/26,1
IpomoeaDollar,IpomoeaDollar,2022/11/27,1
IpomoeaDollar,IpomoeaDollar,2022/11/28,1
IpomoeaDollar,IpomoeaDollar,2022/11/29,1
IpomoeaDollar,IpomoeaDollar,2022/11/30,1
IpomoeaDollar,BegoniaDollar,2022/10/1,1.74
IpomoeaDollar,BegoniaDollar,2022/10/2,2.04
IpomoeaDollar,BegoniaDollar,2022/10/3,2.14
IpomoeaDollar,BegoniaDollar,2022/10/4,1.54
IpomoeaDollar,BegoniaDollar,2022/10/5,1.94
IpomoeaDollar,BegoniaDollar,2022/10/6,1.14
IpomoeaDollar,BegoniaDollar,2022/10/7,1.94
IpomoeaDollar,BegoniaDollar,2022/10/8,2.04
IpomoeaDollar,BegoniaDollar,2022/10/9,1.74
IpomoeaDollar,BegoniaDollar,2022/10/10,1.24
IpomoeaDollar,BegoniaDollar,2022/10/11,1.34
IpomoeaDollar,BegoniaDollar,2022/10/12,1.54
IpomoeaDollar,BegoniaDollar,2022/10/13,1.04
IpomoeaDollar,BegoniaDollar,2022/10/14,0.84
IpomoeaDollar,BegoniaDollar,2022/10/15,2.04
IpomoeaDollar,BegoniaDollar,2022/10/16,1.14
IpomoeaDollar,BegoniaDollar,2022/10/17,0.94
IpomoeaDollar,BegoniaDollar,2022/10/18,1.84
IpomoeaDollar,BegoniaDollar,2022/10/19,1.94
IpomoeaDollar,BegoniaDollar,2022/10/20,0.74
IpomoeaDollar,BegoniaDollar,2022/10/21,0.84
IpomoeaDollar,BegoniaDollar,2022/10/22,1.74
IpomoeaDollar,BegoniaDollar,2022/10/23,2.04
IpomoeaDollar,BegoniaDollar,2022/10/24,1.64
IpomoeaDollar,BegoniaDollar,2022/10/25,1.74
IpomoeaDollar,BegoniaDollar,2022/10/26,1.24
IpomoeaDollar,BegoniaDollar,2022/10/27,1.64
IpomoeaDollar,BegoniaDollar,2022/10/28,1.44
IpomoeaDollar,BegoniaDollar,2022/10/29,0.94
IpomoeaDollar,BegoniaDollar,2022/10/30,0.84
IpomoeaDollar,BegoniaDollar,2022/10/31,1.14
IpomoeaDollar,BegoniaDollar,2022/11/1,1.84
IpomoeaDollar,BegoniaDollar,2022/11/2,1.14
IpomoeaDollar,BegoniaDollar,2022/11/3,2.14
IpomoeaDollar,BegoniaDollar,2022/11/4,2.14
IpomoeaDollar,BegoniaDollar,2022/11/5,1.34
IpomoeaDollar,BegoniaDollar,2022/11/6,0.84
IpomoeaDollar,BegoniaDollar,2022/11/7,0.74
IpomoeaDollar,BegoniaDollar,2022/11/8,0.74
IpomoeaDollar,BegoniaDollar,2022/11/9,0.94
IpomoeaDollar,BegoniaDollar,2022/11/10,1.24
IpomoeaDollar,BegoniaDollar,2022/11/11,2.04
IpomoeaDollar,BegoniaDollar,2022/11/12,1.04
IpomoeaDollar,BegoniaDollar,2022/11/13,0.74
IpomoeaDollar,BegoniaDollar,2022/11/14,0.74
IpomoeaDollar,BegoniaDollar,2022/11/15,0.94
IpomoeaDollar,BegoniaDollar,2022/11/16,1.64
IpomoeaDollar,BegoniaDollar,2022/11/17,1.54
IpomoeaDollar,BegoniaDollar,2022/11/18,1.74
IpomoeaDollar,BegoniaDollar,2022/11/19,1.74
IpomoeaDollar,BegoniaDollar,2022/11/20,1.44
IpomoeaDollar,BegoniaDollar,2022/11/21,1.34
IpomoeaDollar,BegoniaDollar,2022/11/22,1.14
IpomoeaDollar,BegoniaDollar,2022/11/23,1.04
IpomoeaDollar,BegoniaDollar,2022/11/24,2.04
IpomoeaDollar,BegoniaDollar,2022/11/25,1.14
IpomoeaDollar,BegoniaDollar,2022/11/26,0.74
IpomoeaDollar,BegoniaDollar,2022/11/27,1.74
IpomoeaDollar,BegoniaDollar,2022/11/28,1.84
IpomoeaDollar,BegoniaDollar,2022/11/29,1.54
IpomoeaDollar,BegoniaDollar,2022/11/30,1.04
IpomoeaDollar,CarnationDollar,2022/10/1,7.37
IpomoeaDollar,CarnationDollar,2022/10/2,7.07
IpomoeaDollar,CarnationDollar,2022/10/3,7.77
IpomoeaDollar,CarnationDollar,2022/10/4,7.57
IpomoeaDollar,CarnationDollar,2022/10/5,7.57
IpomoeaDollar,CarnationDollar,2022/10/6,7.57
IpomoeaDollar,CarnationDollar,2022/10/7,6.77
IpomoeaDollar,CarnationDollar,2022/10/8,7.07
IpomoeaDollar,CarnationDollar,2022/10/9,7.37
IpomoeaDollar,CarnationDollar,2022/10/10,6.67
IpomoeaDollar,CarnationDollar,2022/10/11,6.67
IpomoeaDollar,CarnationDollar,2022/10/12,7.97
IpomoeaDollar,CarnationDollar,2022/10/13,7.07
IpomoeaDollar,CarnationDollar,2022/10/14,7.67
IpomoeaDollar,CarnationDollar,2022/10/15,6.77
IpomoeaDollar,CarnationDollar,2022/10/16,7.77
IpomoeaDollar,CarnationDollar,2022/10/17,7.17
IpomoeaDollar,CarnationDollar,2022/10/18,7.07
IpomoeaDollar,CarnationDollar,2022/10/19,8.07
IpomoeaDollar,CarnationDollar,2022/10/20,7.37
IpomoeaDollar,CarnationDollar,2022/10/21,6.87
IpomoeaDollar,CarnationDollar,2022/10/22,7.47
IpomoeaDollar,CarnationDollar,2022/10/23,7.57
IpomoeaDollar,CarnationDollar,2022/10/24,6.87
IpomoeaDollar,CarnationDollar,2022/10/25,7.07
IpomoeaDollar,CarnationDollar,2022/10/26,6.77
IpomoeaDollar,CarnationDollar,2022/10/27,7.07
IpomoeaDollar,CarnationDollar,2022/10/28,6.97
IpomoeaDollar,CarnationDollar,2022/10/29,6.97
IpomoeaDollar,CarnationDollar,2022/10/30,7.27
IpomoeaDollar,CarnationDollar,2022/10/31,6.97
IpomoeaDollar,CarnationDollar,2022/11/1,7.57
IpomoeaDollar,CarnationDollar,2022/11/2,7.07
IpomoeaDollar,CarnationDollar,2022/11/3,7.87
IpomoeaDollar,CarnationDollar,2022/11/4,7.27
IpomoeaDollar,CarnationDollar,2022/11/5,7.57
IpomoeaDollar,CarnationDollar,2022/11/6,7.37
IpomoeaDollar,CarnationDollar,2022/11/7,7.37
IpomoeaDollar,CarnationDollar,2022/11/8,6.67
IpomoeaDollar,CarnationDollar,2022/11/9,7.07
IpomoeaDollar,CarnationDollar,2022/11/10,7.87
IpomoeaDollar,CarnationDollar,2022/11/11,7.57
IpomoeaDollar,CarnationDollar,2022/11/12,6.97
IpomoeaDollar,CarnationDollar,2022/11/13,7.37
IpomoeaDollar,CarnationDollar,2022/11/14,6.97
IpomoeaDollar,CarnationDollar,2022/11/15,6.97
IpomoeaDollar,CarnationDollar,2022/11/16,7.87
IpomoeaDollar,CarnationDollar,2022/11/17,6.87
IpomoeaDollar,CarnationDollar,2022/11/18,6.67
IpomoeaDollar,CarnationDollar,2022/11/19,7.07
IpomoeaDollar,CarnationDollar,2022/11/20,7.67
IpomoeaDollar,CarnationDollar,2022/11/21,7.87
IpomoeaDollar,CarnationDollar,2022/11/22,7.37
IpomoeaDollar,CarnationDollar,2022/11/23,6.97
IpomoeaDollar,CarnationDollar,2022/11/24,7.17
IpomoeaDollar,CarnationDollar,2022/11/25,6.67
IpomoeaDollar,CarnationDollar,2022/11/26,6.97
IpomoeaDollar,CarnationDollar,2022/11/27,7.57
IpomoeaDollar,CarnationDollar,2022/11/28,7.27
IpomoeaDollar,CarnationDollar,2022/11/29,8.07
IpomoeaDollar,CarnationDollar,2022/11/30,7.97
IpomoeaDollar,GauraDollar,2022/10/1,1.05
IpomoeaDollar,GauraDollar,2022/10/2,1
IpomoeaDollar,GauraDollar,2022/10/3,1.05
IpomoeaDollar,GauraDollar,2022/10/4,1.05
IpomoeaDollar,GauraDollar,2022/10/5,1.07
IpomoeaDollar,GauraDollar,2022/10/6,0.99
IpomoeaDollar,GauraDollar,2022/10/7,1.09
IpomoeaDollar,GauraDollar,2022/10/8,1.03
IpomoeaDollar,GauraDollar,2022/10/9,1.13
IpomoeaDollar,GauraDollar,2022/10/10,1
IpomoeaDollar,GauraDollar,2022/10/11,1.03
IpomoeaDollar,GauraDollar,2022/10/12,1.02
IpomoeaDollar,GauraDollar,2022/10/13,1.07
IpomoeaDollar,GauraDollar,2022/10/14,1.03
IpomoeaDollar,GauraDollar,2022/10/15,1.03
IpomoeaDollar,GauraDollar,2022/10/16,1.04
IpomoeaDollar,GauraDollar,2022/10/17,1.08
IpomoeaDollar,GauraDollar,2022/10/18,1.01
IpomoeaDollar,GauraDollar,2022/10/19,1.03
IpomoeaDollar,GauraDollar,2022/10/20,1.1
IpomoeaDollar,GauraDollar,2022/10/21,1.01
IpomoeaDollar,GauraDollar,2022/10/22,1.03
IpomoeaDollar,GauraDollar,2022/10/23,1.03
IpomoeaDollar,GauraDollar,2022/10/24,1.06
IpomoeaDollar,GauraDollar,2022/10/25,1.03
IpomoeaDollar,GauraDollar,2022/10/26,1.05
IpomoeaDollar,GauraDollar,2022/10/27,1.05
IpomoeaDollar,GauraDollar,2022/10/28,1.03
IpomoeaDollar,GauraDollar,2022/10/29,1.09
IpomoeaDollar,GauraDollar,2022/10/30,1.12
IpomoeaDollar,GauraDollar,2022/10/31,1
IpomoeaDollar,GauraDollar,2022/11/1,1.08
IpomoeaDollar,GauraDollar,2022/11/2,1.13
IpomoeaDollar,GauraDollar,2022/11/3,1.01
IpomoeaDollar,GauraDollar,2022/11/4,1.07
IpomoeaDollar,GauraDollar,2022/11/5,1.07
IpomoeaDollar,GauraDollar,2022/11/6,1.12
IpomoeaDollar,GauraDollar,2022/11/7,1.03
IpomoeaDollar,GauraDollar,2022/11/8,1.1
IpomoeaDollar,GauraDollar,2022/11/9,1.12
IpomoeaDollar,GauraDollar,2022/11/10,1.1
IpomoeaDollar,GauraDollar,2022/11/11,0.99
IpomoeaDollar,GauraDollar,2022/11/12,1.07
IpomoeaDollar,GauraDollar,2022/11/13,1
IpomoeaDollar,GauraDollar,2022/11/14,1.09
IpomoeaDollar,GauraDollar,2022/11/15,1
IpomoeaDollar,GauraDollar,2022/11/16,1.09
IpomoeaDollar,GauraDollar,2022/11/17,1.04
IpomoeaDollar,GauraDollar,2022/11/18,1.04
IpomoeaDollar,GauraDollar,2022/11/19,1.13
IpomoeaDollar,GauraDollar,2022/11/20,1.1
IpomoeaDollar,GauraDollar,2022/11/21,1.06
IpomoeaDollar,GauraDollar,2022/11/22,1.13
IpomoeaDollar,GauraDollar,2022/11/23,1.09
IpomoeaDollar,GauraDollar,2022/11/24,1
IpomoeaDollar,GauraDollar,2022/11/25,1.05
IpomoeaDollar,GauraDollar,2022/11/26,1.1
IpomoeaDollar,GauraDollar,2022/11/27,1.02
IpomoeaDollar,GauraDollar,2022/11/28,1.02
IpomoeaDollar,GauraDollar,2022/11/29,1.11
IpomoeaDollar,GauraDollar,2022/11/30,1.12
IpomoeaDollar,RoseDollar,2022/10/1,8.24
IpomoeaDollar,RoseDollar,2022/10/2,8.84
IpomoeaDollar,RoseDollar,2022/10/3,8.94
IpomoeaDollar,RoseDollar,2022/10/4,8.34
IpomoeaDollar,RoseDollar,2022/10/5,7.54
IpomoeaDollar,RoseDollar,2022/10/6,8.34
IpomoeaDollar,RoseDollar,2022/10/7,8.54
IpomoeaDollar,RoseDollar,2022/10/8,8.74
IpomoeaDollar,RoseDollar,2022/10/9,7.94
IpomoeaDollar,RoseDollar,2022/10/10,7.94
IpomoeaDollar,RoseDollar,2022/10/11,8.54
IpomoeaDollar,RoseDollar,2022/10/12,7.74
IpomoeaDollar,RoseDollar,2022/10/13,7.94
IpomoeaDollar,RoseDollar,2022/10/14,8.04
IpomoeaDollar,RoseDollar,2022/10/15,7.54
IpomoeaDollar,RoseDollar,2022/10/16,8.34
IpomoeaDollar,RoseDollar,2022/10/17,8.14
IpomoeaDollar,RoseDollar,2022/10/18,7.64
IpomoeaDollar,RoseDollar,2022/10/19,8.64
IpomoeaDollar,RoseDollar,2022/10/20,8.94
IpomoeaDollar,RoseDollar,2022/10/21,7.84
IpomoeaDollar,RoseDollar,2022/10/22,8.24
IpomoeaDollar,RoseDollar,2022/10/23,8.34
IpomoeaDollar,RoseDollar,2022/10/24,8.74
IpomoeaDollar,RoseDollar,2022/10/25,7.64
IpomoeaDollar,RoseDollar,2022/10/26,8.34
IpomoeaDollar,RoseDollar,2022/10/27,8.84
IpomoeaDollar,RoseDollar,2022/10/28,8.14
IpomoeaDollar,RoseDollar,2022/10/29,8.74
IpomoeaDollar,RoseDollar,2022/10/30,7.74
IpomoeaDollar,RoseDollar,2022/10/31,8.54
IpomoeaDollar,RoseDollar,2022/11/1,7.84
IpomoeaDollar,RoseDollar,2022/11/2,8.44
IpomoeaDollar,RoseDollar,2022/11/3,7.94
IpomoeaDollar,RoseDollar,2022/11/4,7.84
IpomoeaDollar,RoseDollar,2022/11/5,8.64
IpomoeaDollar,RoseDollar,2022/11/6,8.14
IpomoeaDollar,RoseDollar,2022/11/7,7.54
IpomoeaDollar,RoseDollar,2022/11/8,7.74
IpomoeaDollar,RoseDollar,2022/11/9,8.64
IpomoeaDollar,RoseDollar,2022/11/10,8.44
IpomoeaDollar,RoseDollar,2022/11/11,8.44
IpomoeaDollar,RoseDollar,2022/11/12,8.54
IpomoeaDollar,RoseDollar,2022/11/13,8.74
IpomoeaDollar,RoseDollar,2022/11/14,8.64
IpomoeaDollar,RoseDollar,2022/11/15,7.94
IpomoeaDollar,RoseDollar,2022/11/16,8.14
IpomoeaDollar,RoseDollar,2022/11/17,8.44
IpomoeaDollar,RoseDollar,2022/11/18,8.14
IpomoeaDollar,RoseDollar,2022/11/19,8.64
IpomoeaDollar,RoseDollar,2022/11/20,7.84
IpomoeaDollar,RoseDollar,2022/11/21,8.64
IpomoeaDollar,RoseDollar,2022/11/22,8.44
IpomoeaDollar,RoseDollar,2022/11/23,7.84
IpomoeaDollar,RoseDollar,2022/11/24,8.54
IpomoeaDollar,RoseDollar,2022/11/25,8.34
IpomoeaDollar,RoseDollar,2022/11/26,8.44
IpomoeaDollar,RoseDollar,2022/11/27,7.94
IpomoeaDollar,RoseDollar,2022/11/28,7.94
IpomoeaDollar,RoseDollar,2022/11/29,7.64
IpomoeaDollar,RoseDollar,2022/11/30,7.64
IpomoeaDollar,TulipDollar,2022/10/1,32.06
IpomoeaDollar,TulipDollar,2022/10/2,32.66
IpomoeaDollar,TulipDollar,2022/10/3,33.06
IpomoeaDollar,TulipDollar,2022/10/4,32.86
IpomoeaDollar,TulipDollar,2022/10/5,32.16
IpomoeaDollar,TulipDollar,2022/10/6,32.36
IpomoeaDollar,TulipDollar,2022/10/7,32.96
IpomoeaDollar,TulipDollar,2022/10/8,32.66
IpomoeaDollar,TulipDollar,2022/10/9,31.96
IpomoeaDollar,TulipDollar,2022/10/10,32.36
IpomoeaDollar,TulipDollar,2022/10/11,32.26
IpomoeaDollar,TulipDollar,2022/10/12,33.16
IpomoeaDollar,TulipDollar,2022/10/13,33.16
IpomoeaDollar,TulipDollar,2022/10/14,31.86
IpomoeaDollar,TulipDollar,2022/10/15,33.26
IpomoeaDollar,TulipDollar,2022/10/16,33.16
IpomoeaDollar,TulipDollar,2022/10/17,32.06
IpomoeaDollar,TulipDollar,2022/10/18,32.96
IpomoeaDollar,TulipDollar,2022/10/19,33.16
IpomoeaDollar,TulipDollar,2022/10/20,32.56
IpomoeaDollar,TulipDollar,2022/10/21,33.26
IpomoeaDollar,TulipDollar,2022/10/22,32.56
IpomoeaDollar,TulipDollar,2022/10/23,32.76
IpomoeaDollar,TulipDollar,2022/10/24,32.56
IpomoeaDollar,TulipDollar,2022/10/25,32.76
IpomoeaDollar,TulipDollar,2022/10/26,32.06
IpomoeaDollar,TulipDollar,2022/10/27,32.36
IpomoeaDollar,TulipDollar,2022/10/28,32.36
IpomoeaDollar,TulipDollar,2022/10/29,32.86
IpomoeaDollar,TulipDollar,2022/10/30,33.06
IpomoeaDollar,TulipDollar,2022/10/31,32.76
IpomoeaDollar,TulipDollar,2022/11/1,33.06
IpomoeaDollar,TulipDollar,2022/11/2,33.16
IpomoeaDollar,TulipDollar,2022/11/3,32.96
IpomoeaDollar,TulipDollar,2022/11/4,31.86
IpomoeaDollar,TulipDollar,2022/11/5,32.56
IpomoeaDollar,TulipDollar,2022/11/6,32.96
IpomoeaDollar,TulipDollar,2022/11/7,31.86
IpomoeaDollar,TulipDollar,2022/11/8,32.56
IpomoeaDollar,TulipDollar,2022/11/9,32.66
IpomoeaDollar,TulipDollar,2022/11/10,32.26
IpomoeaDollar,TulipDollar,2022/11/11,33.26
IpomoeaDollar,TulipDollar,2022/11/12,33.26
IpomoeaDollar,TulipDollar,2022/11/13,32.96
IpomoeaDollar,TulipDollar,2022/11/14,33.26
IpomoeaDollar,TulipDollar,2022/11/15,32.96
IpomoeaDollar,TulipDollar,2022/11/16,32.06
IpomoeaDollar,TulipDollar,2022/11/17,31.96
IpomoeaDollar,TulipDollar,2022/11/18,32.56
IpomoeaDollar,TulipDollar,2022/11/19,33.16
IpomoeaDollar,TulipDollar,2022/11/20,33.16
IpomoeaDollar,TulipDollar,2022/11/21,33.06
IpomoeaDollar,TulipDollar,2022/11/22,31.86
IpomoeaDollar,TulipDollar,2022/11/23,33.06
IpomoeaDollar,TulipDollar,2022/11/24,33.26
IpomoeaDollar,TulipDollar,2022/11/25,32.76
IpomoeaDollar,TulipDollar,2022/11/26,31.86
IpomoeaDollar,TulipDollar,2022/11/27,32.36
IpomoeaDollar,TulipDollar,2022/11/28,32.36
IpomoeaDollar,TulipDollar,2022/11/29,32.36
IpomoeaDollar,TulipDollar,2022/11/30,32.26
RoseDollar,RoseDollar,2022/10/1,1
RoseDollar,RoseDollar,2022/10/2,1
RoseDollar,RoseDollar,2022/10/3,1
RoseDollar,RoseDollar,2022/10/4,1
RoseDollar,RoseDollar,2022/10/5,1
RoseDollar,RoseDollar,2022/10/6,1
RoseDollar,RoseDollar,2022/10/7,1
RoseDollar,RoseDollar,2022/10/8,1
RoseDollar,RoseDollar,2022/10/9,1
RoseDollar,RoseDollar,2022/10/10,1
RoseDollar,RoseDollar,2022/10/11,1
RoseDollar,RoseDollar,2022/10/12,1
RoseDollar,RoseDollar,2022/10/13,1
RoseDollar,RoseDollar,2022/10/14,1
RoseDollar,RoseDollar,2022/10/15,1
RoseDollar,RoseDollar,2022/10/16,1
RoseDollar,RoseDollar,2022/10/17,1
RoseDollar,RoseDollar,2022/10/18,1
RoseDollar,RoseDollar,2022/10/19,1
RoseDollar,RoseDollar,2022/10/20,1
RoseDollar,RoseDollar,2022/10/21,1
RoseDollar,RoseDollar,2022/10/22,1
RoseDollar,RoseDollar,2022/10/23,1
RoseDollar,RoseDollar,2022/10/24,1
RoseDollar,RoseDollar,2022/10/25,1
RoseDollar,RoseDollar,2022/10/26,1
RoseDollar,RoseDollar,2022/10/27,1
RoseDollar,RoseDollar,2022/10/28,1
RoseDollar,RoseDollar,2022/10/29,1
RoseDollar,RoseDollar,2022/10/30,1
RoseDollar,RoseDollar,2022/10/31,1
RoseDollar,RoseDollar,2022/11/1,1
RoseDollar,RoseDollar,2022/11/2,1
RoseDollar,RoseDollar,2022/11/3,1
RoseDollar,RoseDollar,2022/11/4,1
RoseDollar,RoseDollar,2022/11/5,1
RoseDollar,RoseDollar,2022/11/6,1
RoseDollar,RoseDollar,2022/11/7,1
RoseDollar,RoseDollar,2022/11/8,1
RoseDollar,RoseDollar,2022/11/9,1
RoseDollar,RoseDollar,2022/11/10,1
RoseDollar,RoseDollar,2022/11/11,1
RoseDollar,RoseDollar,2022/11/12,1
RoseDollar,RoseDollar,2022/11/13,1
RoseDollar,RoseDollar,2022/11/14,1
RoseDollar,RoseDollar,2022/11/15,1
RoseDollar,RoseDollar,2022/11/16,1
RoseDollar,RoseDollar,2022/11/17,1
RoseDollar,RoseDollar,2022/11/18,1
RoseDollar,RoseDollar,2022/11/19,1
RoseDollar,RoseDollar,2022/11/20,1
RoseDollar,RoseDollar,2022/11/21,1
RoseDollar,RoseDollar,2022/11/22,1
RoseDollar,RoseDollar,2022/11/23,1
RoseDollar,RoseDollar,2022/11/24,1
RoseDollar,RoseDollar,2022/11/25,1
RoseDollar,RoseDollar,2022/11/26,1
RoseDollar,RoseDollar,2022/11/27,1
RoseDollar,RoseDollar,2022/11/28,1
RoseDollar,RoseDollar,2022/11/29,1
RoseDollar,RoseDollar,2022/11/30,1
RoseDollar,BegoniaDollar,2022/10/1,0.1
RoseDollar,BegoniaDollar,2022/10/2,0.19
RoseDollar,BegoniaDollar,2022/10/3,0.19
RoseDollar,BegoniaDollar,2022/10/4,0.19
RoseDollar,BegoniaDollar,2022/10/5,0.13
RoseDollar,BegoniaDollar,2022/10/6,0.24
RoseDollar,BegoniaDollar,2022/10/7,0.22
RoseDollar,BegoniaDollar,2022/10/8,0.15
RoseDollar,BegoniaDollar,2022/10/9,0.1
RoseDollar,BegoniaDollar,2022/10/10,0.22
RoseDollar,BegoniaDollar,2022/10/11,0.19
RoseDollar,BegoniaDollar,2022/10/12,0.18
RoseDollar,BegoniaDollar,2022/10/13,0.12
RoseDollar,BegoniaDollar,2022/10/14,0.24
RoseDollar,BegoniaDollar,2022/10/15,0.17
RoseDollar,BegoniaDollar,2022/10/16,0.14
RoseDollar,BegoniaDollar,2022/10/17,0.21
RoseDollar,BegoniaDollar,2022/10/18,0.21
RoseDollar,BegoniaDollar,2022/10/19,0.17
RoseDollar,BegoniaDollar,2022/10/20,0.15
RoseDollar,BegoniaDollar,2022/10/21,0.2
RoseDollar,BegoniaDollar,2022/10/22,0.15
RoseDollar,BegoniaDollar,2022/10/23,0.2
RoseDollar,BegoniaDollar,2022/10/24,0.24
RoseDollar,BegoniaDollar,2022/10/25,0.18
RoseDollar,BegoniaDollar,2022/10/26,0.14
RoseDollar,BegoniaDollar,2022/10/27,0.23
RoseDollar,BegoniaDollar,2022/10/28,0.11
RoseDollar,BegoniaDollar,2022/10/29,0.23
RoseDollar,BegoniaDollar,2022/10/30,0.16
RoseDollar,BegoniaDollar,2022/10/31,0.11
RoseDollar,BegoniaDollar,2022/11/1,0.23
RoseDollar,BegoniaDollar,2022/11/2,0.23
RoseDollar,BegoniaDollar,2022/11/3,0.16
RoseDollar,BegoniaDollar,2022/11/4,0.14
RoseDollar,BegoniaDollar,2022/11/5,0.15
RoseDollar,BegoniaDollar,2022/11/6,0.11
RoseDollar,BegoniaDollar,2022/11/7,0.19
RoseDollar,BegoniaDollar,2022/11/8,0.13
RoseDollar,BegoniaDollar,2022/11/9,0.13
RoseDollar,BegoniaDollar,2022/11/10,0.13
RoseDollar,BegoniaDollar,2022/11/11,0.22
RoseDollar,BegoniaDollar,2022/11/12,0.23
RoseDollar,BegoniaDollar,2022/11/13,0.18
RoseDollar,BegoniaDollar,2022/11/14,0.19
RoseDollar,BegoniaDollar,2022/11/15,0.16
RoseDollar,BegoniaDollar,2022/11/16,0.22
RoseDollar,BegoniaDollar,2022/11/17,0.17
RoseDollar,BegoniaDollar,2022/11/18,0.2
RoseDollar,BegoniaDollar,2022/11/19,0.19
RoseDollar,BegoniaDollar,2022/11/20,0.24
RoseDollar,BegoniaDollar,2022/11/21,0.17
RoseDollar,BegoniaDollar,2022/11/22,0.23
RoseDollar,BegoniaDollar,2022/11/23,0.12
RoseDollar,BegoniaDollar,2022/11/24,0.11
RoseDollar,BegoniaDollar,2022/11/25,0.13
RoseDollar,BegoniaDollar,2022/11/26,0.21
RoseDollar,BegoniaDollar,2022/11/27,0.11
RoseDollar,BegoniaDollar,2022/11/28,0.1
RoseDollar,BegoniaDollar,2022/11/29,0.15
RoseDollar,BegoniaDollar,2022/11/30,0.18
RoseDollar,CarnationDollar,2022/10/1,1.09
RoseDollar,CarnationDollar,2022/10/2,0.99
RoseDollar,CarnationDollar,2022/10/3,0.99
RoseDollar,CarnationDollar,2022/10/4,0.29
RoseDollar,CarnationDollar,2022/10/5,1.59
RoseDollar,CarnationDollar,2022/10/6,0.19
RoseDollar,CarnationDollar,2022/10/7,1.39
RoseDollar,CarnationDollar,2022/10/8,0.19
RoseDollar,CarnationDollar,2022/10/9,1.39
RoseDollar,CarnationDollar,2022/10/10,1.19
RoseDollar,CarnationDollar,2022/10/11,0.59
RoseDollar,CarnationDollar,2022/10/12,1.59
RoseDollar,CarnationDollar,2022/10/13,1.29
RoseDollar,CarnationDollar,2022/10/14,0.29
RoseDollar,CarnationDollar,2022/10/15,0.79
RoseDollar,CarnationDollar,2022/10/16,0.49
RoseDollar,CarnationDollar,2022/10/17,1.59
RoseDollar,CarnationDollar,2022/10/18,1.19
RoseDollar,CarnationDollar,2022/10/19,0.99
RoseDollar,CarnationDollar,2022/10/20,0.39
RoseDollar,CarnationDollar,2022/10/21,0.29
RoseDollar,CarnationDollar,2022/10/22,0.29
RoseDollar,CarnationDollar,2022/10/23,1.49
RoseDollar,CarnationDollar,2022/10/24,1.59
RoseDollar,CarnationDollar,2022/10/25,0.69
RoseDollar,CarnationDollar,2022/10/26,1.49
RoseDollar,CarnationDollar,2022/10/27,0.59
RoseDollar,CarnationDollar,2022/10/28,1.49
RoseDollar,CarnationDollar,2022/10/29,0.39
RoseDollar,CarnationDollar,2022/10/30,1.49
RoseDollar,CarnationDollar,2022/10/31,1.39
RoseDollar,CarnationDollar,2022/11/1,0.49
RoseDollar,CarnationDollar,2022/11/2,0.19
RoseDollar,CarnationDollar,2022/11/3,0.59
RoseDollar,CarnationDollar,2022/11/4,0.49
RoseDollar,CarnationDollar,2022/11/5,0.39
RoseDollar,CarnationDollar,2022/11/6,1.19
RoseDollar,CarnationDollar,2022/11/7,1.49
RoseDollar,CarnationDollar,2022/11/8,0.49
RoseDollar,CarnationDollar,2022/11/9,0.79
RoseDollar,CarnationDollar,2022/11/10,1.29
RoseDollar,CarnationDollar,2022/11/11,0.59
RoseDollar,CarnationDollar,2022/11/12,1.39
RoseDollar,CarnationDollar,2022/11/13,1.59
RoseDollar,CarnationDollar,2022/11/14,0.19
RoseDollar,CarnationDollar,2022/11/15,0.99
RoseDollar,CarnationDollar,2022/11/16,1.29
RoseDollar,CarnationDollar,2022/11/17,0.19
RoseDollar,CarnationDollar,2022/11/18,0.89
RoseDollar,CarnationDollar,2022/11/19,1.39
RoseDollar,CarnationDollar,2022/11/20,1.59
RoseDollar,CarnationDollar,2022/11/21,1.59
RoseDollar,CarnationDollar,2022/11/22,0.49
RoseDollar,CarnationDollar,2022/11/23,1.59
RoseDollar,CarnationDollar,2022/11/24,1.19
RoseDollar,CarnationDollar,2022/11/25,0.59
RoseDollar,CarnationDollar,2022/11/26,1.39
RoseDollar,CarnationDollar,2022/11/27,0.69
RoseDollar,CarnationDollar,2022/11/28,0.19
RoseDollar,CarnationDollar,2022/11/29,0.89
RoseDollar,CarnationDollar,2022/11/30,1.39
RoseDollar,GauraDollar,2022/10/1,0.16
RoseDollar,GauraDollar,2022/10/2,0.13
RoseDollar,GauraDollar,2022/10/3,0.06
RoseDollar,GauraDollar,2022/10/4,0.14
RoseDollar,GauraDollar,2022/10/5,0.07
RoseDollar,GauraDollar,2022/10/6,0.06
RoseDollar,GauraDollar,2022/10/7,0.09
RoseDollar,GauraDollar,2022/10/8,0.17
RoseDollar,GauraDollar,2022/10/9,0.13
RoseDollar,GauraDollar,2022/10/10,0.12
RoseDollar,GauraDollar,2022/10/11,0.11
RoseDollar,GauraDollar,2022/10/12,0.16
RoseDollar,GauraDollar,2022/10/13,0.16
RoseDollar,GauraDollar,2022/10/14,0.15
RoseDollar,GauraDollar,2022/10/15,0.08
RoseDollar,GauraDollar,2022/10/16,0.17
RoseDollar,GauraDollar,2022/10/17,0.06
RoseDollar,GauraDollar,2022/10/18,0.19
RoseDollar,GauraDollar,2022/10/19,0.19
RoseDollar,GauraDollar,2022/10/20,0.17
RoseDollar,GauraDollar,2022/10/21,0.15
RoseDollar,GauraDollar,2022/10/22,0.1
RoseDollar,GauraDollar,2022/10/23,0.17
RoseDollar,GauraDollar,2022/10/24,0.11
RoseDollar,GauraDollar,2022/10/25,0.12
RoseDollar,GauraDollar,2022/10/26,0.08
RoseDollar,GauraDollar,2022/10/27,0.08
RoseDollar,GauraDollar,2022/10/28,0.1
RoseDollar,GauraDollar,2022/10/29,0.17
RoseDollar,GauraDollar,2022/10/30,0.14
RoseDollar,GauraDollar,2022/10/31,0.11
RoseDollar,GauraDollar,2022/11/1,0.17
RoseDollar,GauraDollar,2022/11/2,0.1
RoseDollar,GauraDollar,2022/11/3,0.06
RoseDollar,GauraDollar,2022/11/4,0.18
RoseDollar,GauraDollar,2022/11/5,0.09
RoseDollar,GauraDollar,2022/11/6,0.16
RoseDollar,GauraDollar,2022/11/7,0.16
RoseDollar,GauraDollar,2022/11/8,0.18
RoseDollar,GauraDollar,2022/11/9,0.06
RoseDollar,GauraDollar,2022/11/10,0.18
RoseDollar,GauraDollar,2022/11/11,0.19
RoseDollar,GauraDollar,2022/11/12,0.08
RoseDollar,GauraDollar,2022/11/13,0.1
RoseDollar,GauraDollar,2022/11/14,0.07
RoseDollar,GauraDollar,2022/11/15,0.19
RoseDollar,GauraDollar,2022/11/16,0.08
RoseDollar,GauraDollar,2022/11/17,0.12
RoseDollar,GauraDollar,2022/11/18,0.12
RoseDollar,GauraDollar,2022/11/19,0.15
RoseDollar,GauraDollar,2022/11/20,0.06
RoseDollar,GauraDollar,2022/11/21,0.17
RoseDollar,GauraDollar,2022/11/22,0.1
RoseDollar,GauraDollar,2022/11/23,0.15
RoseDollar,GauraDollar,2022/11/24,0.15
RoseDollar,GauraDollar,2022/11/25,0.11
RoseDollar,GauraDollar,2022/11/26,0.08
RoseDollar,GauraDollar,2022/11/27,0.09
RoseDollar,GauraDollar,2022/11/28,0.16
RoseDollar,GauraDollar,2022/11/29,0.06
RoseDollar,GauraDollar,2022/11/30,0.12
RoseDollar,IpomoeaDollar,2022/10/1,0.14
RoseDollar,IpomoeaDollar,2022/10/2,0.07
RoseDollar,IpomoeaDollar,2022/10/3,0.06
RoseDollar,IpomoeaDollar,2022/10/4,0.12
RoseDollar,IpomoeaDollar,2022/10/5,0.07
RoseDollar,IpomoeaDollar,2022/10/6,0.18
RoseDollar,IpomoeaDollar,2022/10/7,0.09
RoseDollar,IpomoeaDollar,2022/10/8,0.06
RoseDollar,IpomoeaDollar,2022/10/9,0.16
RoseDollar,IpomoeaDollar,2022/10/10,0.13
RoseDollar,IpomoeaDollar,2022/10/11,0.13
RoseDollar,IpomoeaDollar,2022/10/12,0.1
RoseDollar,IpomoeaDollar,2022/10/13,0.11
RoseDollar,IpomoeaDollar,2022/10/14,0.08
RoseDollar,IpomoeaDollar,2022/10/15,0.05
RoseDollar,IpomoeaDollar,2022/10/16,0.17
RoseDollar,IpomoeaDollar,2022/10/17,0.12
RoseDollar,IpomoeaDollar,2022/10/18,0.17
RoseDollar,IpomoeaDollar,2022/10/19,0.15
RoseDollar,IpomoeaDollar,2022/10/20,0.17
RoseDollar,IpomoeaDollar,2022/10/21,0.11
RoseDollar,IpomoeaDollar,2022/10/22,0.15
RoseDollar,IpomoeaDollar,2022/10/23,0.17
RoseDollar,IpomoeaDollar,2022/10/24,0.1
RoseDollar,IpomoeaDollar,2022/10/25,0.07
RoseDollar,IpomoeaDollar,2022/10/26,0.19
RoseDollar,IpomoeaDollar,2022/10/27,0.08
RoseDollar,IpomoeaDollar,2022/10/28,0.06
RoseDollar,IpomoeaDollar,2022/10/29,0.11
RoseDollar,IpomoeaDollar,2022/10/30,0.15
RoseDollar,IpomoeaDollar,2022/10/31,0.13
RoseDollar,IpomoeaDollar,2022/11/1,0.14
RoseDollar,IpomoeaDollar,2022/11/2,0.1
RoseDollar,IpomoeaDollar,2022/11/3,0.05
RoseDollar,IpomoeaDollar,2022/11/4,0.19
RoseDollar,IpomoeaDollar,2022/11/5,0.13
RoseDollar,IpomoeaDollar,2022/11/6,0.08
RoseDollar,IpomoeaDollar,2022/11/7,0.17
RoseDollar,IpomoeaDollar,2022/11/8,0.08
RoseDollar,IpomoeaDollar,2022/11/9,0.1
RoseDollar,IpomoeaDollar,2022/11/10,0.1
RoseDollar,IpomoeaDollar,2022/11/11,0.1
RoseDollar,IpomoeaDollar,2022/11/12,0.1
RoseDollar,IpomoeaDollar,2022/11/13,0.12
RoseDollar,IpomoeaDollar,2022/11/14,0.17
RoseDollar,IpomoeaDollar,2022/11/15,0.05
RoseDollar,IpomoeaDollar,2022/11/16,0.07
RoseDollar,IpomoeaDollar,2022/11/17,0.06
RoseDollar,IpomoeaDollar,2022/11/18,0.17
RoseDollar,IpomoeaDollar,2022/11/19,0.19
RoseDollar,IpomoeaDollar,2022/11/20,0.1
RoseDollar,IpomoeaDollar,2022/11/21,0.18
RoseDollar,IpomoeaDollar,2022/11/22,0.09
RoseDollar,IpomoeaDollar,2022/11/23,0.18
RoseDollar,IpomoeaDollar,2022/11/24,0.12
RoseDollar,IpomoeaDollar,2022/11/25,0.17
RoseDollar,IpomoeaDollar,2022/11/26,0.12
RoseDollar,IpomoeaDollar,2022/11/27,0.05
RoseDollar,IpomoeaDollar,2022/11/28,0.1
RoseDollar,IpomoeaDollar,2022/11/29,0.11
RoseDollar,IpomoeaDollar,2022/11/30,0.09
RoseDollar,TulipDollar,2022/10/1,4.35
RoseDollar,TulipDollar,2022/10/2,3.35
RoseDollar,TulipDollar,2022/10/3,4.45
RoseDollar,TulipDollar,2022/10/4,4.35
RoseDollar,TulipDollar,2022/10/5,4.15
RoseDollar,TulipDollar,2022/10/6,3.85
RoseDollar,TulipDollar,2022/10/7,3.65
RoseDollar,TulipDollar,2022/10/8,3.75
RoseDollar,TulipDollar,2022/10/9,3.65
RoseDollar,TulipDollar,2022/10/10,4.35
RoseDollar,TulipDollar,2022/10/11,3.65
RoseDollar,TulipDollar,2022/10/12,4.65
RoseDollar,TulipDollar,2022/10/13,4.05
RoseDollar,TulipDollar,2022/10/14,3.55
RoseDollar,TulipDollar,2022/10/15,3.55
RoseDollar,TulipDollar,2022/10/16,3.45
RoseDollar,TulipDollar,2022/10/17,3.55
RoseDollar,TulipDollar,2022/10/18,4.25
RoseDollar,TulipDollar,2022/10/19,4.65
RoseDollar,TulipDollar,2022/10/20,4.35
RoseDollar,TulipDollar,2022/10/21,3.65
RoseDollar,TulipDollar,2022/10/22,3.85
RoseDollar,TulipDollar,2022/10/23,3.35
RoseDollar,TulipDollar,2022/10/24,3.25
RoseDollar,TulipDollar,2022/10/25,3.65
RoseDollar,TulipDollar,2022/10/26,4.45
RoseDollar,TulipDollar,2022/10/27,4.05
RoseDollar,TulipDollar,2022/10/28,4.05
RoseDollar,TulipDollar,2022/10/29,3.65
RoseDollar,TulipDollar,2022/10/30,3.25
RoseDollar,TulipDollar,2022/10/31,4.05
RoseDollar,TulipDollar,2022/11/1,4.55
RoseDollar,TulipDollar,2022/11/2,3.85
RoseDollar,TulipDollar,2022/11/3,4.55
RoseDollar,TulipDollar,2022/11/4,3.45
RoseDollar,TulipDollar,2022/11/5,3.45
RoseDollar,TulipDollar,2022/11/6,3.35
RoseDollar,TulipDollar,2022/11/7,4.05
RoseDollar,TulipDollar,2022/11/8,3.25
RoseDollar,TulipDollar,2022/11/9,3.85
RoseDollar,TulipDollar,2022/11/10,4.55
RoseDollar,TulipDollar,2022/11/11,4.45
RoseDollar,TulipDollar,2022/11/12,3.85
RoseDollar,TulipDollar,2022/11/13,3.55
RoseDollar,TulipDollar,2022/11/14,4.35
RoseDollar,TulipDollar,2022/11/15,3.35
RoseDollar,TulipDollar,2022/11/16,3.75
RoseDollar,TulipDollar,2022/11/17,3.65
RoseDollar,TulipDollar,2022/11/18,3.75
RoseDollar,TulipDollar,2022/11/19,3.55
RoseDollar,TulipDollar,2022/11/20,3.25
RoseDollar,TulipDollar,2022/11/21,3.35
RoseDollar,TulipDollar,2022/11/22,4.05
RoseDollar,TulipDollar,2022/11/23,4.65
RoseDollar,TulipDollar,2022/11/24,4.45
RoseDollar,TulipDollar,2022/11/25,4.25
RoseDollar,TulipDollar,2022/11/26,4.45
RoseDollar,TulipDollar,2022/11/27,4.05
RoseDollar,TulipDollar,2022/11/28,3.55
RoseDollar,TulipDollar,2022/11/29,4.65
RoseDollar,TulipDollar,2022/11/30,3.75
TulipDollar,TulipDollar,2022/10/1,1
TulipDollar,TulipDollar,2022/10/2,1
TulipDollar,TulipDollar,2022/10/3,1
TulipDollar,TulipDollar,2022/10/4,1
TulipDollar,TulipDollar,2022/10/5,1
TulipDollar,TulipDollar,2022/10/6,1
TulipDollar,TulipDollar,2022/10/7,1
TulipDollar,TulipDollar,2022/10/8,1
TulipDollar,TulipDollar,2022/10/9,1
TulipDollar,TulipDollar,2022/10/10,1
TulipDollar,TulipDollar,2022/10/11,1
TulipDollar,TulipDollar,2022/10/12,1
TulipDollar,TulipDollar,2022/10/13,1
TulipDollar,TulipDollar,2022/10/14,1
TulipDollar,TulipDollar,2022/10/15,1
TulipDollar,TulipDollar,2022/10/16,1
TulipDollar,TulipDollar,2022/10/17,1
TulipDollar,TulipDollar,2022/10/18,1
TulipDollar,TulipDollar,2022/10/19,1
TulipDollar,TulipDollar,2022/10/20,1
TulipDollar,TulipDollar,2022/10/21,1
TulipDollar,TulipDollar,2022/10/22,1
TulipDollar,TulipDollar,2022/10/23,1
TulipDollar,TulipDollar,2022/10/24,1
TulipDollar,TulipDollar,2022/10/25,1
TulipDollar,TulipDollar,2022/10/26,1
TulipDollar,TulipDollar,2022/10/27,1
TulipDollar,TulipDollar,2022/10/28,1
TulipDollar,TulipDollar,2022/10/29,1
TulipDollar,TulipDollar,2022/10/30,1
TulipDollar,TulipDollar,2022/10/31,1
TulipDollar,TulipDollar,2022/11/1,1
TulipDollar,TulipDollar,2022/11/2,1
TulipDollar,TulipDollar,2022/11/3,1
TulipDollar,TulipDollar,2022/11/4,1
TulipDollar,TulipDollar,2022/11/5,1
TulipDollar,TulipDollar,2022/11/6,1
TulipDollar,TulipDollar,2022/11/7,1
TulipDollar,TulipDollar,2022/11/8,1
TulipDollar,TulipDollar,2022/11/9,1
TulipDollar,TulipDollar,2022/11/10,1
TulipDollar,TulipDollar,2022/11/11,1
TulipDollar,TulipDollar,2022/11/12,1
TulipDollar,TulipDollar,2022/11/13,1
TulipDollar,TulipDollar,2022/11/14,1
TulipDollar,TulipDollar,2022/11/15,1
TulipDollar,TulipDollar,2022/11/16,1
TulipDollar,TulipDollar,2022/11/17,1
TulipDollar,TulipDollar,2022/11/18,1
TulipDollar,TulipDollar,2022/11/19,1
TulipDollar,TulipDollar,2022/11/20,1
TulipDollar,TulipDollar,2022/11/21,1
TulipDollar,TulipDollar,2022/11/22,1
TulipDollar,TulipDollar,2022/11/23,1
TulipDollar,TulipDollar,2022/11/24,1
TulipDollar,TulipDollar,2022/11/25,1
TulipDollar,TulipDollar,2022/11/26,1
TulipDollar,TulipDollar,2022/11/27,1
TulipDollar,TulipDollar,2022/11/28,1
TulipDollar,TulipDollar,2022/11/29,1
TulipDollar,TulipDollar,2022/11/30,1
TulipDollar,BegoniaDollar,2022/10/1,0.05
TulipDollar,BegoniaDollar,2022/10/2,0.03
TulipDollar,BegoniaDollar,2022/10/3,0.04
TulipDollar,BegoniaDollar,2022/10/4,0.03
TulipDollar,BegoniaDollar,2022/10/5,0.02
TulipDollar,BegoniaDollar,2022/10/6,0.04
TulipDollar,BegoniaDollar,2022/10/7,0.05
TulipDollar,BegoniaDollar,2022/10/8,0.02
TulipDollar,BegoniaDollar,2022/10/9,0.04
TulipDollar,BegoniaDollar,2022/10/10,0.06
TulipDollar,BegoniaDollar,2022/10/11,0.02
TulipDollar,BegoniaDollar,2022/10/12,0.05
TulipDollar,BegoniaDollar,2022/10/13,0.02
TulipDollar,BegoniaDollar,2022/10/14,0.05
TulipDollar,BegoniaDollar,2022/10/15,0.03
TulipDollar,BegoniaDollar,2022/10/16,0.05
TulipDollar,BegoniaDollar,2022/10/17,0.02
TulipDollar,BegoniaDollar,2022/10/18,0.03
TulipDollar,BegoniaDollar,2022/10/19,0.05
TulipDollar,BegoniaDollar,2022/10/20,0.03
TulipDollar,BegoniaDollar,2022/10/21,0.03
TulipDollar,BegoniaDollar,2022/10/22,0.06
TulipDollar,BegoniaDollar,2022/10/23,0.06
TulipDollar,BegoniaDollar,2022/10/24,0.03
TulipDollar,BegoniaDollar,2022/10/25,0.04
TulipDollar,BegoniaDollar,2022/10/26,0.05
TulipDollar,BegoniaDollar,2022/10/27,0.03
TulipDollar,BegoniaDollar,2022/10/28,0.05
TulipDollar,BegoniaDollar,2022/10/29,0.03
TulipDollar,BegoniaDollar,2022/10/30,0.04
TulipDollar,BegoniaDollar,2022/10/31,0.04
TulipDollar,BegoniaDollar,2022/11/1,0.03
TulipDollar,BegoniaDollar,2022/11/2,0.04
TulipDollar,BegoniaDollar,2022/11/3,0.06
TulipDollar,BegoniaDollar,2022/11/4,0.05
TulipDollar,BegoniaDollar,2022/11/5,0.03
TulipDollar,BegoniaDollar,2022/11/6,0.05
TulipDollar,BegoniaDollar,2022/11/7,0.02
TulipDollar,BegoniaDollar,2022/11/8,0.06
TulipDollar,BegoniaDollar,2022/11/9,0.05
TulipDollar,BegoniaDollar,2022/11/10,0.04
TulipDollar,BegoniaDollar,2022/11/11,0.02
TulipDollar,BegoniaDollar,2022/11/12,0.03
TulipDollar,BegoniaDollar,2022/11/13,0.02
TulipDollar,BegoniaDollar,2022/11/14,0.02
TulipDollar,BegoniaDollar,2022/11/15,0.06
TulipDollar,BegoniaDollar,2022/11/16,0.06
TulipDollar,BegoniaDollar,2022/11/17,0.03
TulipDollar,BegoniaDollar,2022/11/18,0.02
TulipDollar,BegoniaDollar,2022/11/19,0.04
TulipDollar,BegoniaDollar,2022/11/20,0.02
TulipDollar,BegoniaDollar,2022/11/21,0.06
TulipDollar,BegoniaDollar,2022/11/22,0.03
TulipDollar,BegoniaDollar,2022/11/23,0.02
TulipDollar,BegoniaDollar,2022/11/24,0.04
TulipDollar,BegoniaDollar,2022/11/25,0.06
TulipDollar,BegoniaDollar,2022/11/26,0.05
TulipDollar,BegoniaDollar,2022/11/27,0.04
TulipDollar,BegoniaDollar,2022/11/28,0.03
TulipDollar,BegoniaDollar,2022/11/29,0.05
TulipDollar,BegoniaDollar,2022/11/30,0.05
TulipDollar,CarnationDollar,2022/10/1,0.26
TulipDollar,CarnationDollar,2022/10/2,0.21
TulipDollar,CarnationDollar,2022/10/3,0.21
TulipDollar,CarnationDollar,2022/10/4,0.2
TulipDollar,CarnationDollar,2022/10/5,0.2
TulipDollar,CarnationDollar,2022/10/6,0.19
TulipDollar,CarnationDollar,2022/10/7,0.22
TulipDollar,CarnationDollar,2022/10/8,0.23
TulipDollar,CarnationDollar,2022/10/9,0.21
TulipDollar,CarnationDollar,2022/10/10,0.24
TulipDollar,CarnationDollar,2022/10/11,0.2
TulipDollar,CarnationDollar,2022/10/12,0.24
TulipDollar,CarnationDollar,2022/10/13,0.24
TulipDollar,CarnationDollar,2022/10/14,0.19
TulipDollar,CarnationDollar,2022/10/15,0.26
TulipDollar,CarnationDollar,2022/10/16,0.21
TulipDollar,CarnationDollar,2022/10/17,0.25
TulipDollar,CarnationDollar,2022/10/18,0.21
TulipDollar,CarnationDollar,2022/10/19,0.19
TulipDollar,CarnationDollar,2022/10/20,0.28
TulipDollar,CarnationDollar,2022/10/21,0.28
TulipDollar,CarnationDollar,2022/10/22,0.25
TulipDollar,CarnationDollar,2022/10/23,0.28
TulipDollar,CarnationDollar,2022/10/24,0.18
TulipDollar,CarnationDollar,2022/10/25,0.2
TulipDollar,CarnationDollar,2022/10/26,0.28
TulipDollar,CarnationDollar,2022/10/27,0.28
TulipDollar,CarnationDollar,2022/10/28,0.21
TulipDollar,CarnationDollar,2022/10/29,0.28
TulipDollar,CarnationDollar,2022/10/30,0.24
TulipDollar,CarnationDollar,2022/10/31,0.22
TulipDollar,CarnationDollar,2022/11/1,0.18
TulipDollar,CarnationDollar,2022/11/2,0.3
TulipDollar,CarnationDollar,2022/11/3,0.18
TulipDollar,CarnationDollar,2022/11/4,0.3
TulipDollar,CarnationDollar,2022/11/5,0.23
TulipDollar,CarnationDollar,2022/11/6,0.24
TulipDollar,CarnationDollar,2022/11/7,0.18
TulipDollar,CarnationDollar,2022/11/8,0.25
TulipDollar,CarnationDollar,2022/11/9,0.16
TulipDollar,CarnationDollar,2022/11/10,0.17
TulipDollar,CarnationDollar,2022/11/11,0.3
TulipDollar,CarnationDollar,2022/11/12,0.21
TulipDollar,CarnationDollar,2022/11/13,0.23
TulipDollar,CarnationDollar,2022/11/14,0.28
TulipDollar,CarnationDollar,2022/11/15,0.25
TulipDollar,CarnationDollar,2022/11/16,0.18
TulipDollar,CarnationDollar,2022/11/17,0.25
TulipDollar,CarnationDollar,2022/11/18,0.22
TulipDollar,CarnationDollar,2022/11/19,0.22
TulipDollar,CarnationDollar,2022/11/20,0.22
TulipDollar,CarnationDollar,2022/11/21,0.29
TulipDollar,CarnationDollar,2022/11/22,0.23
TulipDollar,CarnationDollar,2022/11/23,0.23
TulipDollar,CarnationDollar,2022/11/24,0.19
TulipDollar,CarnationDollar,2022/11/25,0.22
TulipDollar,CarnationDollar,2022/11/26,0.23
TulipDollar,CarnationDollar,2022/11/27,0.19
TulipDollar,CarnationDollar,2022/11/28,0.25
TulipDollar,CarnationDollar,2022/11/29,0.25
TulipDollar,CarnationDollar,2022/11/30,0.25
TulipDollar,GauraDollar,2022/10/1,0.04
TulipDollar,GauraDollar,2022/10/2,0.02
TulipDollar,GauraDollar,2022/10/3,0.03
TulipDollar,GauraDollar,2022/10/4,0.02
TulipDollar,GauraDollar,2022/10/5,0.02
TulipDollar,GauraDollar,2022/10/6,0.02
TulipDollar,GauraDollar,2022/10/7,0.04
TulipDollar,GauraDollar,2022/10/8,0.01
TulipDollar,GauraDollar,2022/10/9,0.05
TulipDollar,GauraDollar,2022/10/10,0.02
TulipDollar,GauraDollar,2022/10/11,0.02
TulipDollar,GauraDollar,2022/10/12,0.02
TulipDollar,GauraDollar,2022/10/13,0.03
TulipDollar,GauraDollar,2022/10/14,0.03
TulipDollar,GauraDollar,2022/10/15,0.05
TulipDollar,GauraDollar,2022/10/16,0.04
TulipDollar,GauraDollar,2022/10/17,0.05
TulipDollar,GauraDollar,2022/10/18,0.04
TulipDollar,GauraDollar,2022/10/19,0.05
TulipDollar,GauraDollar,2022/10/20,0.04
TulipDollar,GauraDollar,2022/10/21,0.03
TulipDollar,GauraDollar,2022/10/22,0.05
TulipDollar,GauraDollar,2022/10/23,0.03
TulipDollar,GauraDollar,2022/10/24,0.05
TulipDollar,GauraDollar,2022/10/25,0.05
TulipDollar,GauraDollar,2022/10/26,0.03
TulipDollar,GauraDollar,2022/10/27,0.03
TulipDollar,GauraDollar,2022/10/28,0.05
TulipDollar,GauraDollar,2022/10/29,0.05
TulipDollar,GauraDollar,2022/10/30,0.04
TulipDollar,GauraDollar,2022/10/31,0.03
TulipDollar,GauraDollar,2022/11/1,0.05
TulipDollar,GauraDollar,2022/11/2,0.04
TulipDollar,GauraDollar,2022/11/3,0.05
TulipDollar,GauraDollar,2022/11/4,0.04
TulipDollar,GauraDollar,2022/11/5,0.02
TulipDollar,GauraDollar,2022/11/6,0.03
TulipDollar,GauraDollar,2022/11/7,0.01
TulipDollar,GauraDollar,2022/11/8,0.01
TulipDollar,GauraDollar,2022/11/9,0.01
TulipDollar,GauraDollar,2022/11/10,0.04
TulipDollar,GauraDollar,2022/11/11,0.02
TulipDollar,GauraDollar,2022/11/12,0.05
TulipDollar,GauraDollar,2022/11/13,0.01
TulipDollar,GauraDollar,2022/11/14,0.01
TulipDollar,GauraDollar,2022/11/15,0.04
TulipDollar,GauraDollar,2022/11/16,0.03
TulipDollar,GauraDollar,2022/11/17,0.01
TulipDollar,GauraDollar,2022/11/18,0.05
TulipDollar,GauraDollar,2022/11/19,0.02
TulipDollar,GauraDollar,2022/11/20,0.03
TulipDollar,GauraDollar,2022/11/21,0.03
TulipDollar,GauraDollar,2022/11/22,0.05
TulipDollar,GauraDollar,2022/11/23,0.02
TulipDollar,GauraDollar,2022/11/24,0.03
TulipDollar,GauraDollar,2022/11/25,0.05
TulipDollar,GauraDollar,2022/11/26,0.03
TulipDollar,GauraDollar,2022/11/27,0.04
TulipDollar,GauraDollar,2022/11/28,0.01
TulipDollar,GauraDollar,2022/11/29,0.05
TulipDollar,GauraDollar,2022/11/30,0.03
TulipDollar,IpomoeaDollar,2022/10/1,0.05
TulipDollar,IpomoeaDollar,2022/10/2,0.05
TulipDollar,IpomoeaDollar,2022/10/3,0.04
TulipDollar,IpomoeaDollar,2022/10/4,0.03
TulipDollar,IpomoeaDollar,2022/10/5,0.04
TulipDollar,IpomoeaDollar,2022/10/6,0.02
TulipDollar,IpomoeaDollar,2022/10/7,0.02
TulipDollar,IpomoeaDollar,2022/10/8,0.05
TulipDollar,IpomoeaDollar,2022/10/9,0.01
TulipDollar,IpomoeaDollar,2022/10/10,0.02
TulipDollar,IpomoeaDollar,2022/10/11,0.02
TulipDollar,IpomoeaDollar,2022/10/12,0.04
TulipDollar,IpomoeaDollar,2022/10/13,0.03
TulipDollar,IpomoeaDollar,2022/10/14,0.01
TulipDollar,IpomoeaDollar,2022/10/15,0.04
TulipDollar,IpomoeaDollar,2022/10/16,0.02
TulipDollar,IpomoeaDollar,2022/10/17,0.05
TulipDollar,IpomoeaDollar,2022/10/18,0.05
TulipDollar,IpomoeaDollar,2022/10/19,0.04
TulipDollar,IpomoeaDollar,2022/10/20,0.04
TulipDollar,IpomoeaDollar,2022/10/21,0.03
TulipDollar,IpomoeaDollar,2022/10/22,0.04
TulipDollar,IpomoeaDollar,2022/10/23,0.02
TulipDollar,IpomoeaDollar,2022/10/24,0.04
TulipDollar,IpomoeaDollar,2022/10/25,0.05
TulipDollar,IpomoeaDollar,2022/10/26,0.03
TulipDollar,IpomoeaDollar,2022/10/27,0.04
TulipDollar,IpomoeaDollar,2022/10/28,0.01
TulipDollar,IpomoeaDollar,2022/10/29,0.04
TulipDollar,IpomoeaDollar,2022/10/30,0.01
TulipDollar,IpomoeaDollar,2022/10/31,0.04
TulipDollar,IpomoeaDollar,2022/11/1,0.04
TulipDollar,IpomoeaDollar,2022/11/2,0.04
TulipDollar,IpomoeaDollar,2022/11/3,0.03
TulipDollar,IpomoeaDollar,2022/11/4,0.02
TulipDollar,IpomoeaDollar,2022/11/5,0.04
TulipDollar,IpomoeaDollar,2022/11/6,0.05
TulipDollar,IpomoeaDollar,2022/11/7,0.01
TulipDollar,IpomoeaDollar,2022/11/8,0.05
TulipDollar,IpomoeaDollar,2022/11/9,0.02
TulipDollar,IpomoeaDollar,2022/11/10,0.03
TulipDollar,IpomoeaDollar,2022/11/11,0.05
TulipDollar,IpomoeaDollar,2022/11/12,0.01
TulipDollar,IpomoeaDollar,2022/11/13,0.02
TulipDollar,IpomoeaDollar,2022/11/14,0.02
TulipDollar,IpomoeaDollar,2022/11/15,0.05
TulipDollar,IpomoeaDollar,2022/11/16,0.01
TulipDollar,IpomoeaDollar,2022/11/17,0.01
TulipDollar,IpomoeaDollar,2022/11/18,0.02
TulipDollar,IpomoeaDollar,2022/11/19,0.02
TulipDollar,IpomoeaDollar,2022/11/20,0.02
TulipDollar,IpomoeaDollar,2022/11/21,0.05
TulipDollar,IpomoeaDollar,2022/11/22,0.01
TulipDollar,IpomoeaDollar,2022/11/23,0.05
TulipDollar,IpomoeaDollar,2022/11/24,0.01
TulipDollar,IpomoeaDollar,2022/11/25,0.03
TulipDollar,IpomoeaDollar,2022/11/26,0.04
TulipDollar,IpomoeaDollar,2022/11/27,0.04
TulipDollar,IpomoeaDollar,2022/11/28,0.03
TulipDollar,IpomoeaDollar,2022/11/29,0.04
TulipDollar,IpomoeaDollar,2022/11/30,0.02
TulipDollar,RoseDollar,2022/10/1,0.24
TulipDollar,RoseDollar,2022/10/2,0.27
TulipDollar,RoseDollar,2022/10/3,0.2
TulipDollar,RoseDollar,2022/10/4,0.28
TulipDollar,RoseDollar,2022/10/5,0.23
TulipDollar,RoseDollar,2022/10/6,0.25
TulipDollar,RoseDollar,2022/10/7,0.29
TulipDollar,RoseDollar,2022/10/8,0.27
TulipDollar,RoseDollar,2022/10/9,0.26
TulipDollar,RoseDollar,2022/10/10,0.2
TulipDollar,RoseDollar,2022/10/11,0.22
TulipDollar,RoseDollar,2022/10/12,0.27
TulipDollar,RoseDollar,2022/10/13,0.3
TulipDollar,RoseDollar,2022/10/14,0.26
TulipDollar,RoseDollar,2022/10/15,0.26
TulipDollar,RoseDollar,2022/10/16,0.25
TulipDollar,RoseDollar,2022/10/17,0.21
TulipDollar,RoseDollar,2022/10/18,0.23
TulipDollar,RoseDollar,2022/10/19,0.25
TulipDollar,RoseDollar,2022/10/20,0.23
TulipDollar,RoseDollar,2022/10/21,0.22
TulipDollar,RoseDollar,2022/10/22,0.3
TulipDollar,RoseDollar,2022/10/23,0.2
TulipDollar,RoseDollar,2022/10/24,0.25
TulipDollar,RoseDollar,2022/10/25,0.27
TulipDollar,RoseDollar,2022/10/26,0.23
TulipDollar,RoseDollar,2022/10/27,0.29
TulipDollar,RoseDollar,2022/10/28,0.26
TulipDollar,RoseDollar,2022/10/29,0.21
TulipDollar,RoseDollar,2022/10/30,0.28
TulipDollar,RoseDollar,2022/10/31,0.28
TulipDollar,RoseDollar,2022/11/1,0.29
TulipDollar,RoseDollar,2022/11/2,0.3
TulipDollar,RoseDollar,2022/11/3,0.25
TulipDollar,RoseDollar,2022/11/4,0.29
TulipDollar,RoseDollar,2022/11/5,0.3
TulipDollar,RoseDollar,2022/11/6,0.24
TulipDollar,RoseDollar,2022/11/7,0.21
TulipDollar,RoseDollar,2022/11/8,0.25
TulipDollar,RoseDollar,2022/11/9,0.24
TulipDollar,RoseDollar,2022/11/10,0.21
TulipDollar,RoseDollar,2022/11/11,0.29
TulipDollar,RoseDollar,2022/11/12,0.24
TulipDollar,RoseDollar,2022/11/13,0.23
TulipDollar,RoseDollar,2022/11/14,0.3
TulipDollar,RoseDollar,2022/11/15,0.23
TulipDollar,RoseDollar,2022/11/16,0.22
TulipDollar,RoseDollar,2022/11/17,0.24
TulipDollar,RoseDollar,2022/11/18,0.23
TulipDollar,RoseDollar,2022/11/19,0.26
TulipDollar,RoseDollar,2022/11/20,0.24
TulipDollar,RoseDollar,2022/11/21,0.29
TulipDollar,RoseDollar,2022/11/22,0.25
TulipDollar,RoseDollar,2022/11/23,0.24
TulipDollar,RoseDollar,2022/11/24,0.21
TulipDollar,RoseDollar,2022/11/25,0.22
TulipDollar,RoseDollar,2022/11/26,0.3
TulipDollar,RoseDollar,2022/11/27,0.25
TulipDollar,RoseDollar,2022/11/28,0.22
TulipDollar,RoseDollar,2022/11/29,0.21
TulipDollar,RoseDollar,2022/11/30,0.23
